Timestamp,CO,NO2,NOX,SO2,O3,PM10,PM2.5
9/1/18 6:30,0.33,49.76,125.33,2.18,26.94,11.2,6.1
9/1/18 6:00,,,,,,10.9,4.5
9/1/18 5:30,0.27,30.7,65.77,0.75,42.97,8.2,3
9/1/18 5:00,0.24,18.72,31.08,0.32,56.58,6.3,3
9/1/18 4:30,0.23,11.28,16.6,0.05,62.41,6.2,3
9/1/18 4:00,0.23,13.71,20,0.24,63.04,5.3,1.4
9/1/18 3:30,0.22,9.51,11.49,,65.36,5.8,1.4
9/1/18 3:00,0.21,8.82,12.41,,,5.6,3
9/1/18 2:30,0.23,9.31,11.9,0.11,61.77,7.9,3
9/1/18 2:00,0.22,10.61,16.33,0.16,58.13,7.9,3
9/1/18 1:30,0.23,17.42,26.45,0.51,54.96,6.3,3
9/1/18 1:00,,,,,50.21,6.4,3.9
9/1/18 0:30,0.24,14.88,23.81,0.08,48.62,4.7,3.5
9/1/18 0:00,0.31,15.38,24.31,,49.53,4.4,3
8/1/18 23:30,0.28,21.78,33.85,0.11,45.16,6.4,4.4
8/1/18 23:00,0.35,27.62,47.72,0.21,40.97,7.4,4.1
8/1/18 22:30,0.36,41.41,74.63,0.51,31.15,9.5,5.7
8/1/18 22:00,0.43,46.3,87.94,0.85,23.31,10,5.4
8/1/18 21:30,0.47,44.22,78.99,0.59,23.95,8.6,7.4
8/1/18 21:00,0.37,37.66,58.1,0.24,27.1,6.9,4.5
8/1/18 20:30,0.47,45.71,76.02,0.29,18.44,8,6.6
8/1/18 20:00,0.42,53.72,105.78,0.88,13.79,15.7,10.5
8/1/18 19:30,0.5,60.34,133.76,1.57,14.03,19.3,11.5
8/1/18 19:00,0.56,61.01,157.65,2.02,14.71,20.3,12.1
8/1/18 18:30,0.54,66.4,169.7,2.37,15.21,22,12
8/1/18 18:00,0.55,75.98,171.36,2.02,14.09,21.7,10.8
8/1/18 17:30,0.63,73.69,201.54,2.82,13.33,22.9,9.8
8/1/18 17:00,0.64,64.24,226.23,3.7,12.25,20.6,11.3
8/1/18 16:30,0.66,91.36,242.05,3.33,11.38,23.1,11.1
8/1/18 16:00,0.76,97.86,298.56,4.68,5.69,25.2,11.2
8/1/18 15:30,0.79,88.91,293.11,4.71,7.66,25.8,12.5
8/1/18 15:00,0.87,85.49,344.82,6.17,2.95,27.8,15.5
8/1/18 14:30,0.77,100.43,379.73,7.1,4.05,26.7,13.4
8/1/18 14:00,0.73,91.84,346.51,6.57,4.39,26.1,13.2
8/1/18 13:30,0.63,88.53,314.32,5.75,4.37,27.1,12.1
8/1/18 13:00,0.55,77.28,287.62,5.8,7.58,30,13.6
8/1/18 12:30,0.65,96.87,396.35,7.96,4.29,30.6,13.4
8/1/18 12:00,0.54,70.23,200.83,3.78,9,24,9.8
8/1/18 11:30,0.42,66.33,163.86,2.79,10.78,22.3,11
8/1/18 11:00,0.55,88.55,312.14,6.31,5.03,29.3,14
8/1/18 10:30,0.51,91.36,354.54,6.92,3.87,23.6,12.5
8/1/18 10:00,0.59,85.01,425.68,8.44,1.94,37,20.1
8/1/18 9:30,0.65,91.28,456.99,9.58,1.1,29.2,12.5
8/1/18 9:00,0.48,96.5,356.82,6.92,1.3,24.1,12.4
8/1/18 8:30,0.51,90.79,381.28,7.34,0.48,27,12.7
8/1/18 8:00,0.59,92.18,330.27,6.39,0.76,23.4,11.6
8/1/18 7:30,0.61,76.88,296.34,5.67,2.49,22.2,12.5
8/1/18 7:00,0.52,74.4,285.08,5.22,3.33,22.2,10
8/1/18 6:30,0.51,80.52,274.16,5.4,4.69,28,14
8/1/18 6:00,0.43,80.8,292.5,5.88,0,18.7,13.2
8/1/18 5:30,0.27,46.99,114.9,2.26,12.97,14.9,9
8/1/18 5:00,,,,,,12.5,7
8/1/18 4:30,0.24,50.32,97.82,1.25,14.79,16.3,11.5
8/1/18 4:00,0.26,58.03,84.9,0.77,4.85,14.4,9.2
8/1/18 3:30,0.24,47.3,61.43,0.48,14.03,12.1,7.6
8/1/18 3:00,0.24,27.06,38.98,0.45,32.27,11.2,6.7
8/1/18 2:30,0.23,19.35,25.11,0.32,39.83,9.8,6.8
8/1/18 2:00,0.22,20.64,28.36,0.29,,13.5,9.1
8/1/18 1:30,0.28,46.4,62.37,0.35,9.88,14.1,10.7
8/1/18 1:00,0.31,60.82,113.7,1.33,6.65,17.7,11.3
8/1/18 0:30,0.28,49.15,76.69,0.67,11.77,14.5,9.9
8/1/18 0:00,0.3,43.66,78.47,0.77,14.19,16.8,11.9
7/1/18 23:30,0.34,46.55,75.05,0.69,11.1,15.9,11.5
7/1/18 23:00,0.37,57.15,96.43,1.01,7.22,19.9,14.5
7/1/18 22:30,0.38,51.85,91.53,0.85,11.42,16.4,11.9
7/1/18 22:00,0.42,58.83,121.29,1.49,7.04,17.6,11.9
7/1/18 21:30,0.47,64.05,123.97,1.36,3.77,18.8,13.4
7/1/18 21:00,0.43,60.72,117.24,1.22,4.81,19.1,13.4
7/1/18 20:30,0.49,65.41,139.61,1.68,3.55,20.5,13.6
7/1/18 20:00,0.44,65.18,139.06,1.62,6.11,18.5,12.7
7/1/18 19:30,0.43,53.89,104.15,0.98,17.26,18.3,12.5
7/1/18 19:00,0.5,61.3,126.4,1.36,13.87,18.9,12.9
7/1/18 18:30,0.52,57.24,123.93,1.33,15.69,14.5,10.9
7/1/18 18:00,0.55,59.29,127.1,1.3,15.67,18.5,13.9
7/1/18 17:30,0.71,73.21,181.4,2.58,5.51,24.2,18
7/1/18 17:00,0.63,77.53,180.67,2.45,2.69,21.8,12.7
7/1/18 16:30,0.63,84.46,210.74,2.74,6.63,24.1,15.6
7/1/18 16:00,0.72,73.19,178.93,2.47,9.24,26.5,14.5
7/1/18 15:30,0.9,70.69,197.71,3.09,8.8,23.6,13.2
7/1/18 15:00,0.55,67.43,157.17,2.16,12.71,20.8,10.1
7/1/18 14:30,0.55,61.07,141.79,2.26,18.82,18,9.3
7/1/18 14:00,0.49,51.83,126.32,1.7,25.03,13.4,8.3
7/1/18 13:30,0.64,64.97,183.6,3.09,18.16,18.5,10.6
7/1/18 13:00,0.54,63.67,151.43,2.9,23.27,13,8
7/1/18 12:30,0.55,53.28,133.51,2.71,23.31,16.8,11.5
7/1/18 12:00,0.48,53.61,118.86,2.29,23.77,15.9,7.5
7/1/18 11:30,0.62,66.5,188.73,3.65,19.2,20.3,7
7/1/18 11:00,0.65,67.42,230.23,4.47,9.86,34.5,14.1
7/1/18 10:30,0.71,96.89,317.74,6.12,2.95,34.5,10.6
7/1/18 10:00,0.68,71.95,201.62,3.65,7.1,26,9.4
7/1/18 9:30,0.54,69.56,188.29,3.41,8.36,19.5,9
7/1/18 9:00,0.41,68.77,168.3,2.74,8.52,22,9.5
7/1/18 8:30,0.28,57.36,116.36,1.6,14.17,0,7.6
7/1/18 8:00,0.3,42.48,76.63,1.06,23.29,8,6.1
7/1/18 7:30,0.24,41.48,68.37,0.75,26.86,6.5,7.9
7/1/18 7:00,0.23,45.25,83.29,1.01,22.73,8.8,6.3
7/1/18 6:30,0.21,42.32,64.11,0.64,28.88,7.6,6.8
7/1/18 6:00,0.2,29.09,50.83,0.67,36.52,8.2,5
7/1/18 5:30,0.24,36.82,59.86,0.56,31.97,10.9,6
7/1/18 5:00,0.23,29.11,40.66,0.27,37.22,9.6,6.1
7/1/18 4:30,0.22,23.81,38.04,0.59,41.59,12.7,5.8
7/1/18 4:00,,,,,,10.4,6.1
7/1/18 3:30,0.16,21.75,30.94,,40.77,8.9,5.4
7/1/18 3:00,0.17,19.79,30.85,,44.09,12.6,7.1
7/1/18 2:30,0.24,34,63.59,0.45,30.93,16.6,7.7
7/1/18 2:00,0.26,40.41,80.67,0.88,25.27,0,9.2
7/1/18 1:30,0.26,35.92,64.37,0.43,30.85,8.7,7.3
7/1/18 1:00,0.23,28.11,51.33,0.21,,22.6,8.9
7/1/18 0:30,0.22,37.29,71.78,0.53,32.37,13.2,6.6
7/1/18 0:00,0.28,32.68,68.75,0.64,33.23,12.4,8.6
6/1/18 23:30,0.31,39.55,78.72,0.75,28.66,15.5,7.1
6/1/18 23:00,0.22,15.17,25.65,,51.75,8.8,6.1
6/1/18 22:30,0.19,13.01,22.26,,56.12,7.7,6.3
6/1/18 22:00,0.17,10.12,16.33,,55.26,0,9.3
6/1/18 21:30,0.16,7.52,11.53,,55.02,6,4.6
6/1/18 21:00,0.19,8.47,14.36,,53.31,1.5,6.9
6/1/18 20:30,0.2,10.69,18.47,,46.62,9.6,7.2
6/1/18 20:00,0.21,13.79,23.2,,45.56,0,8.9
6/1/18 19:30,0.27,21.04,39.49,0.05,38.86,7.4,9.6
6/1/18 19:00,0.31,31.21,72.43,0.56,26.14,11,9.4
6/1/18 18:30,0.34,28.44,68.74,0.59,20.78,12.2,8.4
6/1/18 18:00,0.35,31.37,87.96,1.09,15.53,10.7,9
6/1/18 17:30,0.41,37.39,99.11,1.22,12.97,8.7,7.4
6/1/18 17:00,0.4,34.18,86.85,0.96,10.82,12.7,8.3
6/1/18 16:30,0.45,37.22,101.59,1.25,5.03,14.7,9.4
6/1/18 16:00,0.47,39.65,121.18,2.08,4.99,14.9,9.3
6/1/18 15:30,0.45,35.55,107.98,1.76,8.02,14.3,8.2
6/1/18 15:00,0.42,30.39,86.48,1.33,10.5,16.9,8.8
6/1/18 14:30,0.45,40.64,113.66,1.89,7.4,14.3,9.5
6/1/18 14:00,0.54,37.52,132.82,2.37,4.89,15.4,10.2
6/1/18 13:30,0.63,44.33,143.07,2.39,4.59,17.9,11.7
6/1/18 13:00,0.57,41.12,155.58,2.98,3.55,19.8,12.5
6/1/18 12:30,0.63,46.23,172.24,3.35,2.57,22,12.9
6/1/18 12:00,0.61,50.87,180.46,3.43,2.91,22.2,12.7
6/1/18 11:30,0.61,39.61,138.85,2.71,4.39,18.9,10.8
6/1/18 11:00,0.55,44.24,161.11,3.01,3.63,17.9,8.5
6/1/18 10:30,0.51,45.77,146.23,2.53,3.55,15.6,9.4
6/1/18 10:00,0.5,47.83,142.84,2.34,3.37,19.9,8
6/1/18 9:30,0.45,40.32,122.92,2.16,4.61,19.6,8
6/1/18 9:00,0.35,31.84,84.65,1.25,7.5,15.2,10.6
6/1/18 8:30,0.37,35.38,82.37,1.33,0.96,13.5,9.3
6/1/18 8:00,0.35,37.03,71.36,0.96,2.75,12.3,8.9
6/1/18 7:30,0.33,31.75,91.67,1.46,3.15,11.1,7.9
6/1/18 7:00,0.3,27.16,72.85,1.22,7.28,10.7,8.6
6/1/18 6:30,0.3,30.03,67.82,0.9,8.2,9.1,6.3
6/1/18 6:00,,,,,,12,8.9
6/1/18 5:30,0.29,29.13,72.81,0.9,7,11.7,8
6/1/18 5:00,0.3,32.42,97.98,1.46,2.39,11.8,7.7
6/1/18 4:30,0.29,33.81,105.93,1.76,1.92,14,9.7
6/1/18 4:00,0.34,31.75,85.28,1.25,2.55,13.2,8.1
6/1/18 3:30,0.29,31.31,95.55,1.52,5.35,9.6,7.1
6/1/18 3:00,0.34,30.54,74.55,0.9,,11.6,8.5
6/1/18 2:30,0.31,36.7,87.73,1.17,6.53,13.3,8.7
6/1/18 2:00,0.35,24.33,69.54,0.8,10.7,12.4,7.7
6/1/18 1:30,0.3,29.45,90.04,1.14,10.66,14.3,9.6
6/1/18 1:00,0.34,21.29,49,0.48,16.09,9.4,7.9
6/1/18 0:30,0.37,26.2,54.83,0.51,15.13,9.5,6.4
6/1/18 0:00,0.33,30.08,69.75,0.75,13.57,10.8,5.3
5/1/18 23:30,0.37,24.4,47.26,0.43,15.21,10.5,7.5
5/1/18 23:00,0.38,26.81,60.91,0.64,14.95,13.1,8.9
5/1/18 22:30,0.47,38.38,95.49,1.28,7.32,14.8,10.3
5/1/18 22:00,0.4,39.07,95.84,1.33,8.1,13.6,8.8
5/1/18 21:30,0.4,32.51,89.56,1.17,14.29,13.7,9.3
5/1/18 21:00,0.4,31.8,74.17,0.77,15.37,9.6,8.1
5/1/18 20:30,0.48,35.34,90.21,1.06,13.83,11.6,9
5/1/18 20:00,0.41,32.82,80.29,0.9,17.04,14,9.9
5/1/18 19:30,0.44,34.16,74.55,0.64,16.34,18,11.3
5/1/18 19:00,0.44,42.08,111.19,1.46,11.16,14.6,9.7
5/1/18 18:30,0.37,36.76,117.06,1.73,14.73,14.3,9.6
5/1/18 18:00,0.4,38.63,106.76,1.41,15.39,15.4,9.7
5/1/18 17:30,0.49,39,102.15,1.41,16.36,18.3,9.8
5/1/18 17:00,0.56,56.5,154.55,2.31,10.12,16.7,11.2
5/1/18 16:30,0.44,47.22,114.96,1.7,15.35,13.3,8.3
5/1/18 16:00,0.48,61.2,174.61,2.9,10.8,14.8,8.4
5/1/18 15:30,0.47,63.02,150.78,2.08,12.97,15.5,11.5
5/1/18 15:00,0.57,61.64,174.52,2.79,10.64,21,12.3
5/1/18 14:30,0.58,68.68,227.3,3.91,6.17,17.6,10.2
5/1/18 14:00,0.56,57.57,216.86,4.02,5.89,18.3,12.1
5/1/18 13:30,0.43,65.66,197.45,3.38,8.72,16.8,9
5/1/18 13:00,0.38,68.28,174.52,2.79,11.38,17.4,8.3
5/1/18 12:30,0.43,73.02,211.43,3.67,10.92,18.6,11.3
5/1/18 12:00,0.44,75.66,253.31,4.63,9.72,16.6,8.5
5/1/18 11:30,0.33,68.12,172.62,2.82,22.23,15.2,10.3
5/1/18 11:00,0.44,83.52,307.8,5.88,7.54,14.4,7.5
5/1/18 10:30,0.34,58.91,166.94,3.09,21.37,11.5,8
5/1/18 10:00,0.37,69.6,243.69,4.31,11.73,18.9,9.7
5/1/18 9:30,0.41,70.42,309.52,5.77,5.85,17.9,9.8
5/1/18 9:00,0.37,71.03,273.62,5.11,6.73,17.5,11.1
5/1/18 8:30,0.51,84.17,323,5.69,5.49,18.6,9.8
5/1/18 8:00,0.51,92.53,336.16,5.99,4.05,15.5,8.4
5/1/18 7:30,0.56,85.41,304.51,5.35,3.79,17.4,9.2
5/1/18 7:00,0.5,83.5,300.51,5.59,5.83,17.3,10.5
5/1/18 6:30,0.49,84.84,328.61,6.39,5.01,18.6,9.1
5/1/18 6:00,0.29,68.52,173.69,2.87,13.67,10.8,5.4
5/1/18 5:30,0.23,42.9,95.7,1.46,24.83,7.1,4.8
5/1/18 5:00,,,,,,6.2,3.2
5/1/18 4:30,0.2,34.81,70.23,1.28,29.84,5.6,3.3
5/1/18 4:00,0.21,22.24,40.87,0.64,34.41,6.9,4.5
5/1/18 3:30,0.23,22.59,37.5,0.69,34.05,8,3.2
5/1/18 3:00,0.23,33.55,62.62,0.93,25.66,7.7,4.1
5/1/18 2:30,0.2,36.51,51.96,0.53,23.51,8.3,4.1
5/1/18 2:00,0.21,29.74,49.53,0.8,,8.6,4.5
5/1/18 1:30,0.22,31.25,52.27,0.75,29.8,9.5,4.2
5/1/18 1:00,0.3,39.05,74.57,1.01,25.49,9,4.5
5/1/18 0:30,0.24,21.76,30.52,0.32,36.58,9.1,5.7
5/1/18 0:00,0.28,43.78,92.39,1.38,20.72,14,4.8
4/1/18 23:30,0.26,39.45,70.76,0.88,19.9,13.7,4.8
4/1/18 23:00,0.27,29.15,54.18,0.8,31.61,11.6,4.8
4/1/18 22:30,0.31,33.79,56.19,0.8,28.36,13.6,6
4/1/18 22:00,0.34,42.5,75.1,0.96,19.8,15.5,5.3
4/1/18 21:30,0.27,35.13,64.45,0.93,24.25,18,8
4/1/18 21:00,0.3,50.38,99.39,1.33,14.45,18.2,8.1
4/1/18 20:30,0.42,55.88,112.72,1.6,11.71,14.3,11
4/1/18 20:00,0.45,51.33,99.22,1.36,15.51,16.4,6.8
4/1/18 19:30,0.31,47.64,92.16,1.25,17.66,14.8,8.2
4/1/18 19:00,0.41,45.88,109.38,1.49,13.57,16.9,6.9
4/1/18 18:30,0.34,50.34,117.06,1.7,12.15,16.9,10
4/1/18 18:00,0.38,56.78,153.4,2.5,8.22,17.7,5.9
4/1/18 17:30,0.45,63.19,149,2.5,8.14,17.7,9.1
4/1/18 17:00,0.55,67.28,196.05,3.25,7.5,16.9,8.3
4/1/18 16:30,0.49,69.81,167.94,2.74,9.56,17.6,10
4/1/18 16:00,0.57,71.18,187.96,3.22,7.92,18.2,10
4/1/18 15:30,0.44,56.74,149.42,2.55,11.87,16.4,9
4/1/18 15:00,0.51,63.78,182.95,3.17,15.05,19.4,9.8
4/1/18 14:30,,62.83,201.65,4.02,12.81,18.2,7.4
4/1/18 14:00,,48.1,133.32,2.37,20.38,13.2,6.4
4/1/18 13:30,,40.51,119.15,2.31,22.39,12.4,6.5
4/1/18 13:00,0.27,45,126.19,2.26,21.95,11.9,4.8
4/1/18 12:30,0.31,41.92,109.01,2.05,24.31,9.7,5
4/1/18 12:00,0.37,49.04,139.69,2.53,20.99,11.7,7.3
4/1/18 11:30,,62.19,183.66,3.43,9.96,15.5,7.2
4/1/18 11:00,,67.89,235.77,4.68,3.17,25.5,12.5
4/1/18 10:30,,60.99,222.1,4.31,5.49,13.9,9.2
4/1/18 10:00,,51.06,163.33,3.06,9.04,15,9.4
4/1/18 9:30,0.31,55.02,150.92,2.74,10.96,13.1,7.7
4/1/18 9:00,0.34,54.28,183.96,3.38,10.26,11.9,5
4/1/18 8:30,0.35,46.19,158.66,3.35,9.76,10.3,4.9
4/1/18 8:00,0.35,48.23,137.37,2.58,11.63,8.3,4.5
4/1/18 7:30,0.35,42.27,118.58,2.08,13.95,5.5,4.5
4/1/18 7:00,0.35,46.99,123.76,2.05,11.95,12.1,6.7
4/1/18 6:30,0.45,78.37,205.98,3.73,8.2,20.5,13.2
4/1/18 6:00,0.38,65.37,155.28,2.69,4.89,18.9,11.2
4/1/18 5:30,0.33,55.14,119.82,1.68,7.2,15.3,11.9
4/1/18 5:00,0.33,63.69,123.6,1.6,3.23,19.9,14.9
4/1/18 4:30,0.31,74.61,156.84,2.16,0.16,20,13.9
4/1/18 4:00,,,,,,17.7,13.4
4/1/18 3:30,0.27,62.44,126.49,1.76,5.75,14.3,7.3
4/1/18 3:00,0.23,38.38,58.31,0.8,22.65,12.9,7.6
4/1/18 2:30,0.27,53.86,85.53,0.85,11.63,13.2,7
4/1/18 2:00,0.29,46.11,69.73,0.72,18.9,13.1,9.1
4/1/18 1:30,0.29,45.96,70.95,0.8,19.6,13.7,9.8
4/1/18 1:00,0.33,58.77,114.1,1.76,,18.2,12.9
4/1/18 0:30,0.41,64.24,111.44,1.22,6.98,12.9,7.4
4/1/18 0:00,0.52,69.37,126.97,1.52,8,14.3,6.6
3/1/18 23:30,0.35,66.33,124.6,1.52,13.29,14.9,9.2
3/1/18 23:00,0.55,90.67,232.45,3.7,1.8,18.1,9.2
3/1/18 22:30,0.62,76.42,160.38,2.24,10.28,20.2,11.2
3/1/18 22:00,0.41,62.58,114.85,1.54,22.31,10.8,4.9
3/1/18 21:30,0.31,45.19,69.33,0.98,36.82,8.2,7.3
3/1/18 21:00,0.34,45.1,64.36,0.8,29.16,17,10.8
3/1/18 20:30,0.37,46.53,79.73,1.01,28.24,18.5,11.2
3/1/18 20:00,0.35,45.46,82.31,1.06,30.95,19,8.8
3/1/18 19:30,0.3,42.13,73.94,1.06,36.18,18.3,8.6
3/1/18 19:00,0.3,40.3,81.13,1.28,37.72,17.6,8.3
3/1/18 18:30,0.33,43.2,83.82,0.9,38.66,25.6,11.1
3/1/18 18:00,0.34,43.36,90.02,0.85,33.41,30.1,11.6
3/1/18 17:30,0.42,56.53,112.3,1.76,27.38,35.1,15.1
3/1/18 17:00,0.43,74.49,152.62,2.42,14.47,29.2,12.2
3/1/18 16:30,0.29,55.62,89.31,1.2,24.53,30.3,12.5
3/1/18 16:00,0.35,55.73,111.61,1.78,19.22,31.5,11.7
3/1/18 15:30,0.48,53.3,122.9,2.13,18.56,32.9,12.1
3/1/18 15:00,0.43,58.79,146.42,2.87,16.42,39.3,12.9
3/1/18 14:30,0.48,71.83,197.68,4.36,9.52,34.9,11.6
3/1/18 14:00,0.47,53.65,130.47,1.6,15.61,26.1,9.4
3/1/18 13:30,0.35,47.54,138.31,1.41,22.53,25.7,10.5
3/1/18 13:00,0.3,56.57,125.96,2.45,,10.7,3.2
3/1/18 12:30,0.27,,,1.57,,3.7,1.5
3/1/18 12:00,0.23,,,1.62,,2.5,3.1
3/1/18 11:30,0.23,,,2.05,,7.9,3.2
3/1/18 11:00,0.24,30.1,74.43,1.68,27.74,5.5,3.1
3/1/18 10:30,0.24,28.74,70.93,1.2,30.57,7.7,3.1
3/1/18 10:00,0.21,34.08,67.57,1.28,29.8,4.5,3.1
3/1/18 9:30,0.19,23.81,49.4,1.04,38.08,6.8,3.2
3/1/18 9:00,0.2,,,1.25,39.14,5.8,1.5
3/1/18 8:30,0.26,,,1.2,34.05,7.6,3.2
3/1/18 8:00,0.24,30.01,69.18,1.12,34.77,6.3,1.5
3/1/18 7:30,0.26,32.11,72.08,1.14,36.32,5.2,1.5
3/1/18 7:00,0.23,30.06,69.52,1.04,40.73,4.5,1.5
3/1/18 6:30,0.2,17.75,42.57,0.8,46.9,5.9,2.1
3/1/18 6:00,0.19,17.65,30.58,0.43,48.79,9.6,2.2
3/1/18 5:30,0.19,13.56,25.57,0.29,47.42,7.7,0.5
3/1/18 5:00,0.17,12.14,17.19,0.21,48.32,4.4,1.1
3/1/18 4:30,0.19,6.37,8.22,0.13,48,8.6,3.1
3/1/18 4:00,,,,,,6.7,1.7
3/1/18 3:30,0.16,6.16,9.49,0.11,49.67,7.1,3
3/1/18 3:00,0.16,8.34,12.07,0.13,49.43,8.2,3.1
3/1/18 2:30,0.17,6.23,8.26,,51.37,8.3,3.1
3/1/18 2:00,0.17,8.38,10.9,,48.7,10.3,3.1
3/1/18 1:30,0.19,9.35,12.55,,47.7,10.8,3.1
3/1/18 1:00,0.16,6.98,9.41,,,9.2,3.1
3/1/18 0:30,0.16,8.89,11.7,,52.35,10,3.1
3/1/18 0:00,0.17,18.78,26.28,0.11,44.82,10.3,4.5
2/1/18 23:30,0.17,22.19,28.92,0.37,43.39,10.7,5
2/1/18 23:00,0.19,22.22,27.96,0.29,43.87,10,6.3
2/1/18 22:30,0.2,29.05,38.54,0.37,38.4,12.5,3.1
2/1/18 22:00,0.26,18.74,31.33,0.37,45.58,12.2,4.8
2/1/18 21:30,0.21,31.08,46.11,0.45,37.6,12.2,4.9
2/1/18 21:00,0.24,36.95,59.13,0.75,31.35,16.1,9.1
2/1/18 20:30,0.29,42.27,68.1,0.75,24.87,17.8,8.4
2/1/18 20:00,0.28,35.34,68.26,0.88,27.88,17.6,9.7
2/1/18 19:30,0.33,41.39,77.28,0.98,26.48,20.5,9.6
2/1/18 19:00,0.4,48.37,91.34,0.98,20.48,18.5,10.3
2/1/18 18:30,0.35,52.19,97.61,0.85,14.51,22.8,9
2/1/18 18:00,0.37,62.42,124.2,1.41,8.12,23,10.2
2/1/18 17:30,0.44,56.07,148.24,1.86,10.04,25.4,11.6
2/1/18 17:00,0.4,67.24,162.66,2.31,8.16,32,14.3
2/1/18 16:30,0.41,72.01,160.48,2.24,8.02,32.9,12.6
2/1/18 16:00,0.41,77.49,178.68,2.39,8.08,33.5,12.7
2/1/18 15:30,0.44,66.78,171.25,2.66,10.94,43.2,14.1
2/1/18 15:00,0.45,81.22,209.46,3.46,9.1,35.3,11
2/1/18 14:30,0.42,68.52,184.31,3.09,15.55,38,11.2
2/1/18 14:00,0.37,59.5,141.09,2.08,22.81,43.3,11
2/1/18 13:30,0.38,51.81,180.06,3.38,18.06,51.2,13.1
2/1/18 13:00,0.34,56.44,140.53,2.37,16.56,47.8,13.1
2/1/18 12:30,0.38,62.23,175.62,3.27,13.57,51.9,11.7
2/1/18 12:00,0.34,58.83,157.49,3.59,19.9,44,11.8
2/1/18 11:30,0.24,44.12,111.63,1.78,24.55,36.2,12
2/1/18 11:00,0.22,59.44,126.51,0.11,19.5,33,11.1
2/1/18 10:30,0.29,69.69,163.77,2.61,15.47,40,13.9
2/1/18 10:00,0.34,66.12,207.97,3.73,10.18,40.2,12.7
2/1/18 9:30,0.27,42.94,100.96,1.78,24.71,26.4,9.8
2/1/18 9:00,0.27,52.35,140.11,2.31,15.07,30.7,10.8
2/1/18 8:30,0.34,62.4,155.91,2.79,11.26,31.8,13.7
2/1/18 8:00,0.42,73.33,180.73,3.35,6.23,32.2,13.4
2/1/18 7:30,0.34,77.8,213.19,3.96,5.15,34.2,14.3
2/1/18 7:00,0.3,69.02,160.98,2.82,5.77,28.7,13
2/1/18 6:30,0.33,59.36,135.12,2.45,11.69,25.8,12.6
2/1/18 6:00,,,,,,24.5,11.8
2/1/18 5:30,0.17,35.86,60.86,0.93,26.68,19.3,12.5
2/1/18 5:00,0.16,30.05,44.26,0.8,33.35,18.9,11.3
2/1/18 4:30,0.16,30.7,39.34,0.67,35.64,18.8,10.2
2/1/18 4:00,0.15,21.21,26.11,0.51,41.57,16.9,8.9
2/1/18 3:30,0.15,15.93,18.42,0.27,47.34,16.5,8.6
2/1/18 3:00,0.14,14.48,16.18,0.21,,15.2,8.3
2/1/18 2:30,0.15,16.77,20.67,0.43,46.88,15.2,8.2
2/1/18 2:00,0.14,10.04,11.07,0.27,53.72,15.8,9.7
2/1/18 1:30,0.14,10.14,12.14,0.61,55.64,14.5,8.2
2/1/18 1:00,,,,,50.73,13.5,5.7
2/1/18 0:30,0.14,19.62,25.32,0.29,49.45,13.9,7.2
2/1/18 0:00,0.14,18,23.54,0.4,52.83,12.7,10
1/1/18 23:30,0.14,17.23,23.73,0.4,54.88,12.3,7.8
1/1/18 23:00,0.15,20.16,26.99,0.37,52.25,13,3.2
1/1/18 22:30,0.15,19.58,26.2,0.29,52.75,14.7,9.3
1/1/18 22:00,0.16,25.17,37.5,0.45,46.68,13.8,6.9
1/1/18 21:30,0.2,20.71,28.86,0.32,50.99,12.8,8
1/1/18 21:00,0.17,16.35,25.99,0.4,55.7,12.5,6.8
1/1/18 20:30,0.17,17.9,28.99,0.48,55,13.6,7.8
1/1/18 20:00,0.17,16.83,27.37,0.4,55.88,13.5,7.9
1/1/18 19:30,0.19,17.12,27.88,0.35,56.54,15.3,7.8
1/1/18 19:00,0.2,18.67,34.25,0.48,53.74,15.3,8.6
1/1/18 18:30,0.19,20.64,36.82,0.43,50.35,18,9.8
1/1/18 18:00,0.19,20.43,33.12,0.37,53.03,18.1,10.8
1/1/18 17:30,0.28,23.64,40.93,0.61,51.09,16.2,8.7
1/1/18 17:00,0.2,24.37,43.68,0.56,50.75,16.4,11.7
1/1/18 16:30,0.2,18.67,35.19,0.61,54.8,14.9,8.7
1/1/18 16:00,0.19,18.69,36.82,0.43,57.92,18.3,10.3
1/1/18 15:30,0.2,17.6,33.74,0.4,56.82,20,10
1/1/18 15:00,0.22,18.3,33.76,0.4,57.5,18.8,8.9
1/1/18 14:30,0.2,19.01,35.82,0.35,56.88,14.3,7.6
1/1/18 14:00,0.2,20,40.05,0.45,60.07,10.3,5.9
1/1/18 13:30,0.19,16.79,28.48,0.37,65.82,9.4,5.3
1/1/18 13:00,0.15,11.34,20.75,0.29,68.81,7.8,6.3
1/1/18 12:30,0.17,15.55,27.25,0.29,64.6,8.3,5
1/1/18 12:00,0.17,16.28,27.37,0.37,63.68,9.2,5.7
1/1/18 11:30,0.17,14.29,22.38,0.24,66.02,13.2,7.3
1/1/18 11:00,0.16,11.42,18.99,0.29,67.57,13.4,8.3
1/1/18 10:30,0.16,13.66,21.52,0.27,67.02,16.5,11.5
1/1/18 10:00,0.16,10.96,19.53,0.29,68.31,16.7,12.8
1/1/18 9:30,0.17,15.68,20.14,0.24,62.61,20.7,14.2
1/1/18 9:00,0.17,19.97,25.21,0.11,57.96,24.1,15.8
1/1/18 8:30,0.19,24.9,32.74,0.32,53.7,23.6,16
1/1/18 8:00,0.19,13.33,18.42,0.35,64.22,20.4,12.1
1/1/18 7:30,0.17,13.92,22.41,0.29,65.52,17.8,11.6
1/1/18 7:00,0.2,13.2,19.85,0.21,65.02,14.7,10.1
1/1/18 6:30,0.19,16.37,25.49,0.21,62.45,13.4,11.6
1/1/18 6:00,0.19,20,25.8,0.29,56.24,12.5,9.9
1/1/18 5:30,0.17,26.58,36.74,0.43,50.09,10.5,9
1/1/18 5:00,,,,,,9.5,8.2
1/1/18 4:30,0.27,25.11,27.94,0.03,43.21,15.6,13.9
1/1/18 4:00,0.27,24.98,27.85,,39.32,16.2,14.6
1/1/18 3:30,0.26,20.67,22.91,0.11,44.16,13.5,9.6
1/1/18 3:00,0.26,13.08,15.19,0.03,51.11,23.2,18.2
1/1/18 2:30,0.31,29.53,41.48,0.32,36.86,28.4,17.4
1/1/18 2:00,0.28,18.28,23.16,0.05,,18.5,9.8
1/1/18 1:30,0.28,23.7,30.85,0.24,45.08,18.9,13.7
1/1/18 1:00,0.3,26.14,35.32,0.11,41.37,40.1,47.7
1/1/18 0:30,0.3,26.91,33.18,0.29,38.3,149.5,110.9
1/1/18 0:00,0.28,26.95,34.39,0.32,37.6,31.3,16.5
31-12-2017 23:30 ,0.3,23.2,31.97,0.32,44.01,21.7,19.2
31-12-2017 23:00 ,0.29,21.5,27.08,0.4,44.26,75.8,54
31-12-2017 22:30 ,0.24,18.65,21.17,0.11,47.6,24.8,17.9
31-12-2017 22:00 ,0.26,22.51,28.37,,42.53,21.3,14.7
31-12-2017 21:30 ,0.26,27.73,46.36,0.08,40.23,27,22.1
31-12-2017 21:00 ,0.26,29.97,55.37,0.51,35.92,27.2,21.2
31-12-2017 20:30 ,0.31,24.92,29.11,0.35,38.04,57.4,46.6
31-12-2017 20:00 ,0.29,26.76,38.57,0.69,38.06,31.5,24.3
31-12-2017 19:30 ,0.31,21.55,24.64,0.35,40.69,25.1,19.9
31-12-2017 19:00 ,0.34,31.79,39.88,0.48,32.97,35.6,25.1
31-12-2017 18:30 ,0.38,43.51,78.45,1.25,24.41,18.9,12.9
31-12-2017 18:00 ,0.36,38.06,75.49,1.17,25.39,15.9,12.3
31-12-2017 17:30 ,0.34,35.5,73.01,1.06,29.88,10.9,7.7
31-12-2017 17:00 ,0.37,26.81,56.1,0.85,39.36,7.7,5.2
31-12-2017 16:30 ,0.28,23.24,47.88,0.75,45.74,8.6,4.5
31-12-2017 16:00 ,0.27,19.34,41.71,0.64,51.47,12,4.7
31-12-2017 15:30 ,0.28,22.95,43.49,0.69,46.76,16.6,7.9
31-12-2017 15:00 ,0.35,29.93,63.9,1.12,39.63,18.3,4.9
31-12-2017 14:30 ,0.36,32.88,70.94,1.12,40.47,15.7,4.1
31-12-2017 14:00 ,0.33,25.11,54.07,1.01,40.73,16.4,3.7
31-12-2017 13:30 ,0.28,18.7,38.73,0.72,44.24,16.4,5
31-12-2017 13:00 ,0.3,28.23,58.38,0.98,35.66,15.2,4.7
31-12-2017 12:30 ,0.26,20.31,37.12,0.59,42.85,17.6,3.5
31-12-2017 12:00 ,0.27,20.9,43.93,0.67,42.11,17.1,5.7
31-12-2017 11:30 ,0.35,27.14,55.54,0.85,41.79,11.5,2.7
31-12-2017 11:00 ,0.28,29.28,59.97,0.96,36.12,7.2,4
31-12-2017 10:30 ,0.31,35.65,81.94,1.41,32.41,10.6,7.8
31-12-2017 10:00 ,0.27,26.37,51.83,0.64,38.42,8.2,4.8
31-12-2017 09:30 ,0.29,28,50.48,,37.76,7.8,4.8
31-12-2017 09:00 ,0.22,19.79,37,,46.14,3.7,3.1
31-12-2017 08:30 ,0.2,12.45,21.38,0.08,53.33,3.3,3.1
31-12-2017 08:00 ,0.26,12.72,23.06,0.21,56.54,5.5,4.7
31-12-2017 07:30 ,0.19,19.62,33.84,0.37,52.81,6.3,4.3
31-12-2017 07:00 ,0.21,35.71,58.71,0.53,33.79,8.8,6.6
31-12-2017 06:30 ,0.21,21.19,32.49,0.29,36.3,8.3,5.2
31-12-2017 06:00 ,0.26,37.2,67.13,0.98,27.28,6.4,4.3
31-12-2017 05:30 ,0.21,25.8,34.28,0.11,32.73,4.8,3.9
31-12-2017 05:00 ,0.21,18.49,30.78,0.21,41.63,5.2,5.5
31-12-2017 04:30 ,0.22,16.03,23.34,0.24,43.41,6.1,4.7
31-12-2017 04:00 ,,,,,,7.5,6.3
31-12-2017 03:30 ,0.22,12.13,20.36,0.43,41.17,7,5.8
31-12-2017 03:00 ,0.23,14.96,22.9,0.37,37.46,6.9,6
31-12-2017 02:30 ,0.24,19.35,28.84,0.35,30.93,7.6,6.9
31-12-2017 02:00 ,0.28,22.97,37.07,0.48,27.26,10.9,8.7
31-12-2017 01:30 ,0.29,28.74,50.55,0.75,23.31,13.6,11
31-12-2017 01:00 ,0.3,28.88,50.59,0.75,,11.1,9.5
31-12-2017 00:30 ,0.36,27.23,59.74,1.2,24.31,9.7,8.2
31-12-2017 00:00 ,0.29,21.76,34.53,0.72,30.08,7.1,6.9
30-12-2017 23:30 ,0.5,32.34,76.45,1.2,23.71,13,14
30-12-2017 23:00 ,0.5,51.77,133.32,2.13,10.42,14.9,11.4
30-12-2017 22:30 ,0.42,53.01,124.29,2.02,16.5,13.3,9.7
30-12-2017 22:00 ,0.44,49.23,138.4,2.45,15.05,11.5,7.8
30-12-2017 21:30 ,0.41,43.99,101.34,1.7,25.6,7.9,6
30-12-2017 21:00 ,0.45,37.7,82.23,1.41,32.81,6.5,5.4
30-12-2017 20:30 ,0.41,36.13,76.27,1.12,33.63,4.3,4.7
30-12-2017 20:00 ,0.38,37.33,76.15,1.2,32.35,7.5,4.8
30-12-2017 19:30 ,0.34,37.47,65.31,0.9,41.83,8.1,4.8
30-12-2017 19:00 ,0.31,32.19,58.17,0.64,44.4,7.8,4.6
30-12-2017 18:30 ,0.33,36.28,71.96,1.2,37.52,10.4,6.3
30-12-2017 18:00 ,0.31,24.84,51.94,0.93,34.61,9.1,6.1
30-12-2017 17:30 ,0.34,26.51,67.66,1.12,30.63,13.7,6.9
30-12-2017 17:00 ,0.34,36.47,73.87,1.33,28.56,10.7,5.9
30-12-2017 16:30 ,0.31,28.71,56.4,0.98,32.21,12.2,4.6
30-12-2017 16:00 ,0.3,27.6,48.28,0.88,32.89,13.7,8.7
30-12-2017 15:30 ,0.33,30.08,59.83,1.28,29.5,15.2,8.1
30-12-2017 15:00 ,0.33,25.8,64.68,1.22,30.87,17.3,9.7
30-12-2017 14:30 ,0.34,30.41,70.99,1.38,32.67,17.9,9.2
30-12-2017 14:00 ,0.38,36.62,85.62,1.57,31.97,18.3,8.5
30-12-2017 13:30 ,0.4,34.83,76.53,1.46,29.02,22.6,8.1
30-12-2017 13:00 ,0.36,33.26,78.15,1.52,28.76,18.3,8.4
30-12-2017 12:30 ,0.29,25.32,63.23,1.41,30.89,16.1,7.7
30-12-2017 12:00 ,0.44,30.64,69.54,1.33,28.96,16,8.1
30-12-2017 11:30 ,0.3,45.04,101.95,2,27.14,13.4,6.4
30-12-2017 11:00 ,0.29,21.5,55.8,1.17,29.06,10.3,4.8
30-12-2017 10:30 ,0.26,19.47,38.59,0.8,31.95,9,4.8
30-12-2017 10:00 ,0.22,13.67,26.05,0.56,33.89,8.7,4.7
30-12-2017 09:30 ,0.23,13.92,29.28,0.53,31.63,8.1,5.7
30-12-2017 09:00 ,0.22,13.12,26.11,0.51,34.23,9.7,5.4
30-12-2017 08:30 ,0.23,13.88,26.4,0.67,34.77,12.6,6.4
30-12-2017 08:00 ,0.21,12.85,31.68,0.75,35.2,14.7,8
30-12-2017 07:30 ,0.22,12.62,19.71,0.4,36.06,12,6.3
30-12-2017 07:00 ,0.22,14.06,20.41,0.29,36.4,11.4,5
30-12-2017 06:30 ,0.21,13.52,20.57,0.48,37.42,12.3,6.1
30-12-2017 06:00 ,,,,,,14.1,6.4
30-12-2017 05:30 ,0.17,11.21,19.08,0.24,39.95,12.5,6.3
30-12-2017 05:00 ,0.19,16.79,27.79,0.4,39.75,13,6.4
30-12-2017 04:30 ,0.17,11.97,24.69,0.51,40.69,12.4,5.9
30-12-2017 04:00 ,0.16,10.48,17.86,0.29,44.98,11,5.2
30-12-2017 03:30 ,0.16,7.75,14.49,0.21,47.04,10.3,4.7
30-12-2017 03:00 ,0.19,12.07,27.05,0.48,,12.8,4.8
30-12-2017 02:30 ,0.19,18.69,32.39,0.21,41.23,10.8,5.2
30-12-2017 02:00 ,0.22,24.31,44.11,0.32,34.73,13.6,5.7
30-12-2017 01:30 ,0.22,23.2,33.76,0.11,35.38,12.9,6.3
30-12-2017 01:00 ,0.22,20.64,42.91,0.32,35.96,15.6,6.3
30-12-2017 00:30 ,0.22,23.01,41.58,0.32,38.04,14.9,6.3
30-12-2017 00:00 ,0.23,21.27,45.02,0.35,38.04,16.7,6.3
29-12-2017 23:30 ,0.24,25.44,56.35,0.56,30.91,18.4,8
29-12-2017 23:00 ,0.24,30.39,51.31,0.43,26.96,19.2,10.3
29-12-2017 22:30 ,0.31,38.73,68.99,0.88,20.86,24.4,12
29-12-2017 22:00 ,0.24,29.85,48.13,0.37,25.41,23.9,11
29-12-2017 21:30 ,0.24,31.4,51.29,0.37,28.04,25.2,9.6
29-12-2017 21:00 ,0.24,29.4,51.35,0.32,32.05,12,10
29-12-2017 20:30 ,0.28,40.2,72.89,0.88,27.14,28,10.8
29-12-2017 20:00 ,0.29,40.28,72.89,0.75,24.39,31.3,13.7
29-12-2017 19:30 ,0.34,62.35,120.89,1.41,15.71,34.4,13.9
29-12-2017 19:00 ,0.31,45.08,95.85,1.06,22.85,28.4,11.3
29-12-2017 18:30 ,0.35,54.43,114.43,1.41,18.32,27.8,13
29-12-2017 18:00 ,0.37,42.46,98.39,1.33,27.72,31.9,8.2
29-12-2017 17:30 ,0.29,32.07,72.85,0.8,42.39,28.3,9.8
29-12-2017 17:00 ,0.36,57.18,124.98,1.36,31.87,28.4,10.1
29-12-2017 16:30 ,0.41,65.08,135.19,1.57,26.3,31.7,9.2
29-12-2017 16:00 ,0.35,54.51,126.52,1.6,27.9,27.7,9.5
29-12-2017 15:30 ,0.49,53,128.86,1.84,29.84,28.5,9.8
29-12-2017 15:00 ,0.37,55.04,117.84,1.7,29.26,32,10.2
29-12-2017 14:30 ,0.36,47.72,112.36,1.78,30.43,37.3,10.9
29-12-2017 14:00 ,0.37,50.26,111.71,1.65,32.77,36.6,11.3
29-12-2017 13:30 ,0.35,43.34,106.08,1.73,37.28,39.6,9.9
29-12-2017 13:00 ,0.4,43.41,106.43,1.78,36.34,41.2,11.4
29-12-2017 12:30 ,0.34,55.54,129.08,1.78,32.41,42.9,11.5
29-12-2017 12:00 ,0.34,47.37,119.28,2.05,33.05,42.5,8
29-12-2017 11:30 ,0.3,46.72,106.45,1.54,34.77,32.2,8.9
29-12-2017 11:00 ,0.27,36.15,77.64,1.2,36.64,24.2,7.5
29-12-2017 10:30 ,0.27,36.82,82.82,1.2,34.9,20.2,6.5
29-12-2017 10:00 ,0.24,28.59,92.33,1.49,31.85,11.9,6.8
29-12-2017 09:30 ,0.27,34.79,99.67,1.57,28.26,15.9,7.6
29-12-2017 09:00 ,0.29,41.81,100.84,1.54,28.02,19.3,9.6
29-12-2017 08:30 ,0.22,43.18,98.74,1.46,25.54,16.6,11.5
29-12-2017 08:00 ,0.23,43.34,86.98,0.93,30.35,14,6.4
29-12-2017 07:30 ,0.2,36.57,74.45,0.77,32.19,12.2,4.4
29-12-2017 07:00 ,0.22,33.77,63.2,0.77,35.92,12.2,6.7
29-12-2017 06:30 ,0.22,33.26,71.65,1.04,37.48,12.5,6.4
29-12-2017 06:00 ,0.19,29.89,49.74,0.64,40.43,13.4,5.6
29-12-2017 05:30 ,0.17,21.67,33.22,0.32,47.12,10.7,5.7
29-12-2017 05:00 ,,,,,,13.4,5.2
29-12-2017 04:30 ,0.16,18.84,29.33,0.4,49.99,12.4,5.6
29-12-2017 04:00 ,0.15,11.67,19.79,0.05,54.94,12.7,4.9
29-12-2017 03:30 ,0.15,8.8,12.77,,57.26,12.5,4.3
29-12-2017 03:00 ,0.16,7.23,11.5,0.11,58.77,12.5,5.1
29-12-2017 02:30 ,0.16,8.63,13.92,0.24,56.42,13.4,5
29-12-2017 02:00 ,0.16,4.9,9.32,0.19,,12.7,4.6
29-12-2017 01:30 ,0.17,8.74,17.26,0.27,55.9,14.1,5.1
29-12-2017 01:00 ,0.16,12.43,20.31,0.32,52.55,13.2,4.8
29-12-2017 00:30 ,0.17,12.87,24.17,0.37,49.73,13.8,4.7
29-12-2017 00:00 ,0.22,29.43,51.85,0.61,36.82,13.5,6.4
28-12-2017 23:30 ,0.35,32.63,56.81,0.88,41.23,14.6,3.1
28-12-2017 23:00 ,0.23,19.68,39.05,0.48,46.66,17.1,5.8
28-12-2017 22:30 ,0.26,29.34,55.13,0.61,41.43,18.1,5.3
28-12-2017 22:00 ,0.28,40.58,68.57,0.88,36.92,21.8,11.3
28-12-2017 21:30 ,0.38,33.26,73.25,1.09,34.67,19.8,9.8
28-12-2017 21:00 ,0.35,43.91,87.84,1.12,27.22,20.6,11.4
28-12-2017 20:30 ,0.31,45.42,85.17,1.09,26.44,22.7,9.7
28-12-2017 20:00 ,0.35,45.54,103.8,1.44,21.77,28.9,13
28-12-2017 19:30 ,0.34,48.2,100.87,1.49,22.19,29.2,15.3
28-12-2017 19:00 ,0.41,61.58,146.56,2.31,16.64,29.6,11.9
28-12-2017 18:30 ,0.4,55.29,116.95,1.62,17.52,28.2,12.5
28-12-2017 18:00 ,0.41,54.07,114.73,1.46,15.87,29.6,14.3
28-12-2017 17:30 ,0.47,64.93,173.78,2.87,7.04,32.8,13.8
28-12-2017 17:00 ,0.49,69.14,185.64,2.87,6.59,31.8,13.5
28-12-2017 16:30 ,0.52,76.16,188.35,3.03,5.43,31.7,13.5
28-12-2017 16:00 ,0.54,81.43,200.94,3.3,3.99,33.5,11.8
28-12-2017 15:30 ,0.52,70.82,207.31,3.27,7.94,36.8,11
28-12-2017 15:00 ,0.51,63.61,204,3.75,11.99,36.9,11
28-12-2017 14:30 ,0.63,59.42,165.25,2.79,15.97,40.7,8.8
28-12-2017 14:00 ,0.42,56.25,169.04,3.09,18.4,32.4,7.9
28-12-2017 13:30 ,0.31,46.19,115.36,2.05,26.24,27.2,6.5
28-12-2017 13:00 ,0.37,47.53,114.37,1.86,25.23,21.8,3.1
28-12-2017 12:30 ,0.44,52.21,183.53,3.46,11.63,25.3,13.2
28-12-2017 12:00 ,0.43,46.7,154.03,2.98,5.41,38.3,15.5
28-12-2017 11:30 ,0.41,48.92,138.8,2.53,4.73,26.3,12.4
28-12-2017 11:00 ,0.41,44.06,130.45,2.5,5.11,29.9,10.5
28-12-2017 10:30 ,0.34,41.31,126.05,2.39,4.89,22.4,12.7
28-12-2017 10:00 ,0.36,42.8,143.42,2.79,3.85,24.4,12.6
28-12-2017 09:30 ,0.33,38.29,111.81,2.08,6.57,22.2,11.8
28-12-2017 09:00 ,0.3,42.59,115.67,2.13,3.93,24.2,15.1
28-12-2017 08:30 ,0.34,49.27,138,2.37,3.25,25.3,14
28-12-2017 08:00 ,0.3,40.37,121.74,2.45,5.67,17.8,9.6
28-12-2017 07:30 ,0.28,37.2,100.74,1.89,7.64,16,10.5
28-12-2017 07:00 ,0.36,33.37,82.22,1.57,11.28,16.1,10.1
28-12-2017 06:30 ,0.3,37.16,92.25,1.65,11.95,15.7,8.9
28-12-2017 06:00 ,0.23,27.21,51.05,0.59,17.38,13.3,10.5
28-12-2017 05:30 ,0.24,17.52,32.93,0.35,22.27,11.5,8.7
28-12-2017 05:00 ,0.23,15.57,28.31,0.67,25.54,11.7,9.8
28-12-2017 04:30 ,0.22,19.58,30.86,0.56,23.97,10.4,8.2
28-12-2017 04:00 ,,,,,,11,8.2
28-12-2017 03:30 ,0.24,11.15,17.12,0.4,30.21,10.2,9.2
28-12-2017 03:00 ,0.23,13.23,21.17,0.4,29.16,12.4,9
28-12-2017 02:30 ,0.23,11.93,19.96,0.53,31.31,9.8,8
28-12-2017 02:00 ,0.22,14.23,23.01,0.45,31.87,10.8,8.1
28-12-2017 01:30 ,0.23,12.47,19.98,0.45,32.25,11.8,6.3
28-12-2017 01:00 ,0.28,15.38,28.09,0.43,,11.3,8.3
28-12-2017 00:30 ,0.24,16.41,29.11,0.43,29.84,14.8,11.5
28-12-2017 00:00 ,0.31,20.75,38.55,0.72,25.78,16.9,13.8
27-12-2017 23:30 ,0.36,26.05,55.21,1.06,22.45,18.8,13.7
27-12-2017 23:00 ,0.31,21.9,34.37,0.43,24.53,17.9,14.1
27-12-2017 22:30 ,0.34,26.6,54.12,0.93,22.93,18.9,12.8
27-12-2017 22:00 ,0.33,18.3,40.81,0.88,28.82,18.1,13.9
27-12-2017 21:30 ,0.35,27.23,58.4,1.06,27,19,12.6
27-12-2017 21:00 ,0.3,24.84,48.13,0.88,29.72,16.7,12.6
27-12-2017 20:30 ,0.3,25.03,50.01,0.75,30.53,17.2,11.5
27-12-2017 20:00 ,0.29,21.17,38.75,0.64,33.79,15.7,11.1
27-12-2017 19:30 ,0.36,29.97,57.03,0.85,28.8,17.2,12.4
27-12-2017 19:00 ,0.34,26.91,55.92,0.9,29.18,13.3,8.4
27-12-2017 18:30 ,0.28,25,51.54,0.88,35.98,12.6,7.9
27-12-2017 18:00 ,0.29,32.97,59.27,0.9,32.17,11.4,6.7
27-12-2017 17:30 ,0.26,23.49,43.61,0.61,37.1,10.5,6.3
27-12-2017 17:00 ,0.26,25.09,45.91,0.67,35.48,12.4,4.7
27-12-2017 16:30 ,0.37,47.68,95.74,1.38,29.02,12.4,6.6
27-12-2017 16:00 ,0.3,43.09,81.72,1.2,28.92,14.3,4.8
27-12-2017 15:30 ,0.28,42.9,83.26,1.14,33.43,18.8,4.8
27-12-2017 15:00 ,0.29,55.96,101.82,1.28,34.98,16,4.8
27-12-2017 14:30 ,0.28,77.8,258.55,4.68,25.37,23.7,5.6
27-12-2017 14:00 ,0.27,43.28,173.09,3.73,27.38,23.8,5.6
27-12-2017 13:30 ,0.26,40.28,161.13,3.25,30.12,24.5,4.9
27-12-2017 13:00 ,0.3,34.23,102.81,2.13,33.01,27.2,5.7
27-12-2017 12:30 ,0.28,44.7,131.68,2.05,34.33,23.9,4.6
27-12-2017 12:00 ,0.31,87.57,209.13,3.11,26.02,16.9,4.2
27-12-2017 11:30 ,0.28,19.39,75.96,1.49,34.27,14,4.8
27-12-2017 11:00 ,0.24,35.82,79.35,1.36,34.29,10.4,3.1
27-12-2017 10:30 ,0.22,22.53,49.35,1.04,39.47,10.1,6.5
27-12-2017 10:00 ,0.21,22.87,58.69,1.12,37.36,14,5
27-12-2017 09:30 ,0.26,37.39,102.59,1.97,25.25,14.8,7.6
27-12-2017 09:00 ,0.21,34.5,86.67,1.41,29.52,15.8,3.8
27-12-2017 08:30 ,0.23,36.39,78.68,1.36,32.17,14.9,5.9
27-12-2017 08:00 ,0.26,31.58,80.7,1.41,33.21,16,6.8
27-12-2017 07:30 ,0.19,25.21,56.73,0.98,34.57,14,6.4
27-12-2017 07:00 ,0.2,31.69,61.96,1.01,32.21,16.2,11.4
27-12-2017 06:30 ,0.21,34.35,66.64,0.98,27.92,15.8,4.8
27-12-2017 06:00 ,,,,,,12.8,7.7
27-12-2017 05:30 ,0.16,21.55,35.73,0.96,41.99,12.9,6.9
27-12-2017 05:00 ,0.15,17.4,23.29,0.4,46.64,11.8,6.3
27-12-2017 04:30 ,0.15,21.92,30.39,0.4,43.79,13.5,7.9
27-12-2017 04:00 ,0.15,19.2,26.7,0.53,46.8,12.1,5.8
27-12-2017 03:30 ,0.15,8.2,10.88,0.45,57.42,11.3,5.7
27-12-2017 03:00 ,0.16,10.31,13.95,0.48,,12.3,7.4
27-12-2017 02:30 ,0.17,7.19,10.62,0.37,56.12,13.6,7.1
27-12-2017 02:00 ,0.17,7.73,12.84,0.45,55.44,14.2,8.9
27-12-2017 01:30 ,0.17,9.07,12.31,0.27,54.74,12.7,5.6
27-12-2017 01:00 ,0.14,8.8,13.1,0.29,65.16,6.2,4.7
27-12-2017 00:30 ,0.16,12.35,18.41,0.51,58.55,12,6.5
27-12-2017 00:00 ,0.17,10.77,20.2,0.53,56.58,12.2,4.8
26-12-2017 23:30 ,0.17,13.14,21.76,0.61,57.34,12.9,6.5
26-12-2017 23:00 ,0.21,14.13,25.66,0.67,54.92,11,6.1
26-12-2017 22:30 ,0.19,13.52,22.45,0.51,56.54,12.4,6.8
26-12-2017 22:00 ,0.2,13.16,22.27,0.61,57.88,13.6,6.3
26-12-2017 21:30 ,0.21,14.48,27.07,0.59,59.87,12.2,6.5
26-12-2017 21:00 ,0.22,18.95,37.07,0.88,55.32,108.4,114.6
26-12-2017 20:30 ,0.24,18.3,44.99,1.41,54.62,55.5,6.6
26-12-2017 20:00 ,0.24,13.39,26.81,0.64,58.65,15.8,8.8
26-12-2017 19:30 ,0.22,18.11,35.31,0.72,58.41,17.9,9.1
26-12-2017 19:00 ,0.26,25.99,54.7,0.82,47.66,17.1,8.2
26-12-2017 18:30 ,0.29,28.23,52.66,0.9,47.18,12,8
26-12-2017 18:00 ,0.24,21.44,45.35,0.82,51.89,18.1,9.8
26-12-2017 17:30 ,0.21,15.03,32.14,0.82,59.37,19.5,9.8
26-12-2017 17:00 ,0.2,18.11,37.29,0.9,58.65,18.8,8.2
26-12-2017 16:30 ,0.22,17.63,34.14,0.8,58.51,14.5,6.5
26-12-2017 16:00 ,0.2,14.55,29.4,0.61,60.17,12.4,6.3
26-12-2017 15:30 ,0.21,14.5,28.71,0.56,59.73,11,5.9
26-12-2017 15:00 ,0.23,15.09,32.45,0.75,58.13,10,5.5
26-12-2017 14:30 ,0.22,11.57,24.65,0.69,60.21,8.1,5.3
26-12-2017 14:00 ,0.21,15.68,28.15,0.72,49.65,9.6,6.9
26-12-2017 13:30 ,0.22,19.11,37.09,0.8,37.04,12.5,5.3
26-12-2017 13:00 ,0.23,22.41,41.88,0.9,33.43,12.9,6.9
26-12-2017 12:30 ,0.22,16.81,33.64,0.77,36.66,12.6,8
26-12-2017 12:00 ,0.22,17.08,32.03,0.72,38.16,12.3,5.1
26-12-2017 11:30 ,0.21,12.95,29.18,0.72,37.74,14.8,7.3
26-12-2017 11:00 ,0.19,18.97,34.15,0.82,38.86,13.9,5.5
26-12-2017 10:30 ,0.19,13.62,26.13,0.56,41.93,15.4,6.5
26-12-2017 10:00 ,0.19,11.36,25.5,0.4,45.52,12.7,6.3
26-12-2017 09:30 ,0.16,10.65,19.95,0.35,46.84,12.9,4.9
26-12-2017 09:00 ,0.19,8.09,15.27,0.13,44.98,12,6.3
26-12-2017 08:30 ,0.17,6.5,14.74,0.11,43.27,10.1,3.3
26-12-2017 08:00 ,0.17,10.94,19.81,0.27,39.69,8,4.7
26-12-2017 07:30 ,0.19,10.38,16.58,0.19,38.9,8,4.5
26-12-2017 07:00 ,0.17,15.11,24.92,0.32,37.2,9,3.4
26-12-2017 06:30 ,0.17,10.5,17.59,0.24,40.05,8.4,3.1
26-12-2017 06:00 ,0.17,7.99,12.66,0.16,41.63,8.4,4.8
26-12-2017 05:30 ,0.17,9.39,13.63,0.16,41.63,7.9,5
26-12-2017 05:00 ,,,,,,7.4,4.6
26-12-2017 04:30 ,0.15,9.62,12.2,0.29,44.34,8.5,6.3
26-12-2017 04:00 ,0.16,10.63,14,,44.03,7.6,5.2
26-12-2017 03:30 ,0.17,12.68,16.38,0.32,40.71,8.6,7.7
26-12-2017 03:00 ,,,,,43.29,8.2,2.9
26-12-2017 02:30 ,0.2,13.66,17.33,0.16,41.43,7.1,5
26-12-2017 02:00 ,0.16,12.64,15.51,0.03,,7.6,6.5
26-12-2017 01:30 ,0.17,15.66,19.96,,42.35,5.3,3.1
26-12-2017 01:00 ,0.16,13.58,18.38,0.13,46.24,5.1,4.7
26-12-2017 00:30 ,0.16,15.87,21.25,0.11,44.4,2.8,3.2
26-12-2017 00:00 ,0.2,12.91,21.51,0.32,45.46,4.6,3.1
25-12-2017 23:30 ,0.17,12.66,20.64,0.19,45.38,4.7,3.4
25-12-2017 23:00 ,0.22,14.59,26.74,0.29,43.03,7.9,6.1
25-12-2017 22:30 ,0.22,15.8,28.4,0.43,45.44,7,4.8
25-12-2017 22:00 ,0.2,15.7,26.14,0.27,45.74,8,5.9
25-12-2017 21:30 ,0.21,15.84,28.4,0.35,47.32,6.9,5.5
25-12-2017 21:00 ,0.23,17.14,34.46,0.27,44.4,84.9,115.6
25-12-2017 20:30 ,0.26,26.03,53.75,0.82,38.82,68.3,3.2
25-12-2017 20:00 ,0.23,22.8,40.66,0.45,40.39,10.4,6.4
25-12-2017 19:30 ,0.22,21.53,39.59,0.56,41.13,10.8,6.8
25-12-2017 19:00 ,0.23,13.39,28.02,0.35,45.32,13.2,9.3
25-12-2017 18:30 ,0.22,18.07,31.33,0.43,43.23,13.9,7.6
25-12-2017 18:00 ,0.26,18.93,33.09,0.48,44.09,15.9,8.7
25-12-2017 17:30 ,0.23,21.08,39.01,0.67,41.83,16.1,9.8
25-12-2017 17:00 ,0.23,21.97,35.94,0.27,43.49,16.4,9.8
25-12-2017 16:30 ,0.26,21.38,37.19,0.4,45.38,15.1,9.1
25-12-2017 16:00 ,0.31,24.52,44.38,0.56,44.9,13.1,7.2
25-12-2017 15:30 ,0.23,20.44,36.95,0.43,48.64,13.4,8.1
25-12-2017 15:00 ,0.26,24.94,43.27,0.32,46.84,14.6,9.5
25-12-2017 14:30 ,0.27,21.23,42.48,0.56,47.56,13.8,6.8
25-12-2017 14:00 ,0.26,16.77,35.17,0.51,48.44,15.3,8.1
25-12-2017 13:30 ,0.24,21.34,37.6,0.53,49.31,15,6.6
25-12-2017 13:00 ,0.22,20.41,40.71,0.51,48.89,12.3,6.3
25-12-2017 12:30 ,0.3,24.82,46.57,0.37,44.66,13.3,7.7
25-12-2017 12:00 ,0.23,18.93,37.62,0.45,46.4,14.8,6.8
25-12-2017 11:30 ,0.35,17.58,32.68,0.27,49.05,14.8,7.9
25-12-2017 11:00 ,0.21,13.39,24.17,0.08,50.53,13.3,5.8
25-12-2017 10:30 ,0.21,15.07,25.24,0.19,50.51,16.3,7.9
25-12-2017 10:00 ,0.19,13.29,23.06,0.21,51.87,15.6,7.2
25-12-2017 09:30 ,0.17,13.56,18.78,0.19,52.13,11.1,6.7
25-12-2017 09:00 ,0.16,9.81,15.42,0.05,50.67,6.2,6.4
25-12-2017 08:30 ,0.16,12.64,19.52,0.16,47.68,5.3,3.1
25-12-2017 08:00 ,0.16,10,14.49,0.13,48.91,3.2,3.1
25-12-2017 07:30 ,0.16,12.85,19.26,0.19,45.98,4.5,3.2
25-12-2017 07:00 ,0.16,19.87,27.29,0.35,40.63,4.4,3.1
25-12-2017 06:30 ,0.16,10.63,16.21,0.08,43.69,2.7,3.1
25-12-2017 06:00 ,0.15,10.31,16.15,0.24,43.97,3.5,3.1
25-12-2017 05:30 ,0.15,7.46,10.27,0.13,48.2,3.7,1.5
25-12-2017 05:00 ,0.15,4.07,4.89,,51.69,3.2,4.8
25-12-2017 04:30 ,0.15,4.28,6.55,0.13,52.61,3.8,1.9
25-12-2017 04:00 ,,,,,,3.9,3.5
25-12-2017 03:30 ,0.17,3.19,5.17,0.03,53.5,3.9,4
25-12-2017 03:00 ,0.19,4.07,7.6,,51.37,4.4,3.1
25-12-2017 02:30 ,0.16,5.64,8.53,,51.13,4.7,1.2
25-12-2017 02:00 ,0.17,4.9,10.21,,52.43,6.3,3.4
25-12-2017 01:30 ,0.17,5.78,11.18,,53.52,4.7,4.8
25-12-2017 01:00 ,0.17,9.62,17.33,,,8,4.8
25-12-2017 00:30 ,0.2,11.07,24.79,0.4,51.03,8.8,5.9
25-12-2017 00:00 ,0.21,11.59,23.47,0.08,52.47,9.1,6.2
24-12-2017 23:30 ,0.24,8.41,20.36,0.21,54.86,11.9,7.1
24-12-2017 23:00 ,0.19,8.78,17.06,0.08,55.48,8.7,5
24-12-2017 22:30 ,0.17,7.65,17.65,0.03,56.66,9.8,6.4
24-12-2017 22:00 ,0.19,5.78,13.04,0.16,57.76,7.4,4.8
24-12-2017 21:30 ,0.17,4.11,12.84,0.05,57.52,7,4.8
24-12-2017 21:00 ,0.16,4.65,6.98,,56.68,5.5,4.8
24-12-2017 20:30 ,0.19,5.18,8.29,,56.26,7.8,4.8
24-12-2017 20:00 ,0.19,4.51,7.75,,56.62,8.8,5.9
24-12-2017 19:30 ,0.17,6.18,9.4,,55.36,7.4,5.4
24-12-2017 19:00 ,0.2,5.03,7.63,0.05,55.12,12.9,7.2
24-12-2017 18:30 ,0.17,4.76,7.63,,55.54,17,9
24-12-2017 18:00 ,0.19,5.18,9.79,,54.06,16.9,8.2
24-12-2017 17:30 ,0.2,9.54,15.43,,51.17,14.9,7.5
24-12-2017 17:00 ,0.22,10.81,18.16,0.24,49.41,10.5,5.4
24-12-2017 16:30 ,0.22,10.23,18.32,0.13,46.98,6.8,4.6
24-12-2017 16:00 ,0.23,12.49,26.07,,43.09,5.3,3.3
24-12-2017 15:30 ,0.23,11.97,24.92,,43.75,4.4,3.1
24-12-2017 15:00 ,0.24,13.56,26.54,0.32,42.13,4.6,3.1
24-12-2017 14:30 ,0.27,12.87,28.99,0.27,40.57,5,3.1
24-12-2017 14:00 ,0.27,13.92,28.56,0.08,37.38,5.9,3.1
24-12-2017 13:30 ,0.27,21.11,44.77,0.53,32.89,6.5,3.1
24-12-2017 13:00 ,0.3,26.18,53.05,0.77,30.45,11.3,5.4
24-12-2017 12:30 ,0.3,23.5,51.21,0.75,34.11,10.1,4.1
24-12-2017 12:00 ,0.31,23.85,50.99,0.48,37.42,13.8,7.6
24-12-2017 11:30 ,0.22,16.91,38.24,0.35,43.11,14.8,7.2
24-12-2017 11:00 ,0.21,12.2,25.97,0.05,52.55,16.5,7.3
24-12-2017 10:30 ,0.19,8.85,15.98,,58.69,12.2,6.3
24-12-2017 10:00 ,0.17,8.53,17.62,,58.45,9.8,5.6
24-12-2017 09:30 ,0.19,9.75,18.53,0.03,58.55,9.2,4.8
24-12-2017 09:00 ,0.16,6.23,11.99,,62.63,11.8,6.8
24-12-2017 08:30 ,0.15,5.2,9.81,,63.76,14,7.7
24-12-2017 08:00 ,0.15,4.17,7.54,0.16,65.42,12.1,4.7
24-12-2017 07:30 ,0.15,3.27,6.2,,65.8,8.3,4.8
24-12-2017 07:00 ,0.15,2.75,7.78,,64.86,9.3,6.3
24-12-2017 06:30 ,0.14,5.41,8.98,0.05,66.04,13.2,6
24-12-2017 06:00 ,,,,,,13.4,6.9
24-12-2017 05:30 ,0.14,1.3,2.58,0.16,68.83,13.4,6.5
24-12-2017 05:00 ,0.13,1.32,3.41,0.21,68.25,11.4,6.5
24-12-2017 04:30 ,0.15,3.37,5.76,0.11,68.93,12.9,5.8
24-12-2017 04:00 ,0.16,1.01,2.77,0.05,68.43,10,5.4
24-12-2017 03:30 ,0.14,2.03,3.35,0.08,67.83,11.4,6.5
24-12-2017 03:00 ,0.14,1.72,2.73,0.03,,13.9,7.5
24-12-2017 02:30 ,0.16,1.03,3.52,0.05,63.76,16.7,8.7
24-12-2017 02:00 ,0.14,2.54,4.57,0.11,63.58,16.1,6.6
24-12-2017 01:30 ,0.14,2.01,5.03,0.13,62.7,16.6,9.6
24-12-2017 01:00 ,0.16,3.67,8.54,0.16,62.55,18,7.6
24-12-2017 00:30 ,0.15,3.79,7.61,0.27,61.97,21.5,10.2
24-12-2017 00:00 ,0.16,5.81,13.07,0.35,60.89,21.5,9.9
23-12-2017 23:30 ,0.17,4.76,12.48,0.24,61.21,20.8,9.4
23-12-2017 23:00 ,0.19,7.42,15.94,0.43,61.51,21.1,8.7
23-12-2017 22:30 ,0.15,4.9,10.2,0.21,63.12,18.5,7.9
23-12-2017 22:00 ,0.16,4.88,11.82,0.32,62.74,18.3,8.3
23-12-2017 21:30 ,0.16,3.63,10.6,0.16,62.39,18,8.1
23-12-2017 21:00 ,0.19,6.6,14.79,,59.85,16.9,5.4
23-12-2017 20:30 ,0.19,7.65,15.36,0.37,58.23,17.6,9.2
23-12-2017 20:00 ,0.21,6.88,15.42,,58.39,16.9,8
23-12-2017 19:30 ,0.2,9.07,17.46,,56.54,18.4,8.2
23-12-2017 19:00 ,0.17,6.79,14.73,0.11,56.14,18.9,9.6
23-12-2017 18:30 ,0.2,11.9,25.43,0.59,53.66,19.4,8.3
23-12-2017 18:00 ,0.19,10.71,25.14,0.51,53.7,20.9,10.8
23-12-2017 17:30 ,0.2,12.35,32.7,0.48,51.59,21.2,7.8
23-12-2017 17:00 ,0.21,12.7,34.42,0.43,49.75,19,9.1
23-12-2017 16:30 ,0.21,12.37,30.86,0.56,49.05,13.6,6.4
23-12-2017 16:00 ,0.23,15.24,35.88,0.48,45.72,13.5,8.1
23-12-2017 15:30 ,0.21,10.9,28.85,0.27,45.52,12.8,8.1
23-12-2017 15:00 ,0.26,16.12,36.87,0.37,44.98,10.4,5
23-12-2017 14:30 ,0.22,13.18,33.51,0.35,46.6,9.9,7
23-12-2017 14:00 ,0.21,11.36,27.13,0.24,48.42,9,5.6
23-12-2017 13:30 ,0.2,13.44,31.18,0.37,48.24,8,5.8
23-12-2017 13:00 ,0.22,11.48,25.63,0.19,49.63,9.6,6.8
23-12-2017 12:30 ,0.23,13.12,30.9,0.24,49.59,8.1,4.2
23-12-2017 12:00 ,0.22,13.56,31.41,0.37,48.72,7.3,4.1
23-12-2017 11:30 ,0.27,12.09,28.59,0.29,49.03,6.3,4.5
23-12-2017 11:00 ,0.2,11.63,26.81,0.08,50.51,7,5
23-12-2017 10:30 ,0.19,10.5,23.42,0.11,52.29,4.9,3.1
23-12-2017 10:00 ,0.19,12.74,24.11,0.32,51.73,6.9,1.6
23-12-2017 09:30 ,0.19,10.52,21.34,0.21,53.35,5.3,4.6
23-12-2017 09:00 ,0.17,10.5,18.93,0.19,49.87,6.9,4.7
23-12-2017 08:30 ,0.17,7.04,16.54,0.13,46.48,5.6,3.1
23-12-2017 08:00 ,0.19,7.86,16.48,0.21,45.56,5.1,3.1
23-12-2017 07:30 ,0.19,6.64,12.67,0.19,48.02,2.7,3.1
23-12-2017 07:00 ,0.17,8.2,14.88,0.19,49.81,3.8,3.1
23-12-2017 06:30 ,0.16,5.07,10.04,0.05,49.49,3.5,3.1
23-12-2017 06:00 ,0.17,6.66,13.01,0.21,48.26,5.8,3.1
23-12-2017 05:30 ,0.16,3.35,8.31,0.11,51.65,6.5,3.1
23-12-2017 05:00 ,,,,,,0.8,3.1
23-12-2017 04:30 ,0.19,3.67,7.22,0.59,57.42,13.6,3.6
23-12-2017 04:00 ,0.19,3.39,7.24,0.59,59.97,8.3,4.2
23-12-2017 03:30 ,0.17,4.36,8.13,0.61,61.37,8.6,3.1
23-12-2017 03:00 ,0.16,4.59,7.73,0.51,61.87,7.8,3.1
23-12-2017 02:30 ,0.26,9.72,17.98,0.53,58.03,9,1.6
23-12-2017 02:00 ,0.2,14.46,26.96,0.59,,12,2.9
23-12-2017 01:30 ,0.22,21.67,38.28,0.77,46.96,14.3,3.1
23-12-2017 01:00 ,0.22,22.66,39.03,0.67,40.89,13.5,4.6
23-12-2017 00:30 ,0.23,20.64,36.07,0.67,41.79,15.4,5.9
23-12-2017 00:00 ,0.27,24.71,48.05,0.9,39.99,17.5,4.7
22-12-2017 23:30 ,0.28,29.43,57.33,0.93,38,19.2,6.6
22-12-2017 23:00 ,0.33,43.64,85.07,1.33,27.3,19.5,7.9
22-12-2017 22:30 ,0.36,41.65,87.14,1.28,32.49,19.4,6.2
22-12-2017 22:00 ,0.36,23.12,41.53,0.61,49.45,18.8,7.4
22-12-2017 21:30 ,0.28,19.7,35.18,0.67,49.73,19.5,8.3
22-12-2017 21:00 ,0.31,28.19,58.1,0.85,43.43,22.2,9.4
22-12-2017 20:30 ,0.28,26.35,53.68,0.88,43.61,22.9,10.2
22-12-2017 20:00 ,0.37,34.96,75.34,1.09,37.18,26.8,13.5
22-12-2017 19:30 ,0.33,32.49,69.86,1.17,36.26,24.3,10.3
22-12-2017 19:00 ,0.36,35.95,69.78,0.98,36,23.9,10.5
22-12-2017 18:30 ,0.34,38.35,76.62,1.04,33.43,23.3,10.2
22-12-2017 18:00 ,0.33,38.61,86.43,1.38,32.93,24.3,10.6
22-12-2017 17:30 ,0.37,52.15,107.22,1.52,30.83,24.9,10.8
22-12-2017 17:00 ,0.44,46.74,118.07,1.81,29.06,23.7,10.1
22-12-2017 16:30 ,0.38,45.84,106.25,1.52,29.74,24.8,10.7
22-12-2017 16:00 ,0.43,58.43,142.98,2.08,24.73,26.6,10.8
22-12-2017 15:30 ,0.49,58.43,153.69,2.55,22.33,28.4,11
22-12-2017 15:00 ,0.41,52.96,124.83,2,25.37,25.1,9.6
22-12-2017 14:30 ,0.35,50.68,119.45,1.86,28.98,27,9.7
22-12-2017 14:00 ,0.35,49.15,113.77,1.84,30.47,27.3,10.2
22-12-2017 13:30 ,0.36,56.11,133.06,2.31,28.48,25.8,9.7
22-12-2017 13:00 ,0.31,46.09,108.87,1.84,31.31,24.8,9.9
22-12-2017 12:30 ,0.36,64.07,148.52,2.61,26.06,24.9,10.1
22-12-2017 12:00 ,0.28,43.51,98.87,1.49,33.31,19.3,9.1
22-12-2017 11:30 ,0.34,56.78,138.5,2.08,28,26.4,8
22-12-2017 11:00 ,0.26,52.73,114.38,1.68,31.63,23.3,10.9
22-12-2017 10:30 ,0.29,60.38,138.03,2.21,28,22.9,9.6
22-12-2017 10:00 ,0.31,58.31,145.05,2.5,26.64,25.3,9.6
22-12-2017 09:30 ,0.29,58.64,131.58,2.13,25.43,22.2,8
22-12-2017 09:00 ,0.36,62.48,154.46,2.58,20.89,24.6,9.5
22-12-2017 08:30 ,0.31,58.81,129.11,2.05,24.69,22.4,9.5
22-12-2017 08:00 ,0.3,58.92,131.48,2.13,26.06,21,7.9
22-12-2017 07:30 ,0.31,57.53,134.4,2.18,27.62,19.7,7.8
22-12-2017 07:00 ,0.28,57.62,142.74,2.37,24.13,17.8,6.3
22-12-2017 06:30 ,0.27,47.39,119.7,2.24,30.57,15.5,5.8
22-12-2017 06:00 ,0.19,29.55,59.57,1.14,44.09,13.4,4.6
22-12-2017 05:30 ,0.19,18.25,34.62,0.59,51.93,14.7,5.1
22-12-2017 05:00 ,0.16,14.67,27.16,0.35,54.72,13.4,4.5
22-12-2017 04:30 ,0.17,12.13,22.05,0.45,54.7,14.2,4.8
22-12-2017 04:00 ,,,,,,13.4,4.8
22-12-2017 03:30 ,0.16,15.47,28.53,0.32,52.19,14.9,6.1
22-12-2017 03:00 ,0.17,13.77,25.32,0.27,55.24,13.4,4.8
22-12-2017 02:30 ,0.16,11.19,15.66,0.24,58.33,12.7,5.4
22-12-2017 02:00 ,0.17,7.96,13.63,0.16,58.17,11.9,4.4
22-12-2017 01:30 ,0.17,10.16,17.57,0.32,56.22,12.3,5.4
22-12-2017 01:00 ,0.21,10.5,19.27,0.29,,11.4,4.3
22-12-2017 00:30 ,0.19,11.11,19.6,0.24,56.78,10.9,3.5
22-12-2017 00:00 ,0.19,10.48,20.31,0.35,56.46,10,4.6
21-12-2017 23:30 ,0.19,10.98,20.94,0.4,54.5,10.3,4.9
21-12-2017 23:00 ,0.21,14.55,31.5,0.4,47.7,11.4,5.4
21-12-2017 22:30 ,0.26,16.72,38.14,0.43,46.46,12.2,6.7
21-12-2017 22:00 ,0.29,19.53,41.41,0.29,44.94,13.1,4.8
21-12-2017 21:30 ,0.33,29.45,65.87,0.51,40.47,14.4,7.8
21-12-2017 21:00 ,0.37,37.7,85.18,1.2,35.62,15.7,6.9
21-12-2017 20:30 ,0.35,25,47.48,0.67,42.63,13.1,7.3
21-12-2017 20:00 ,0.28,24.48,46.5,0.69,42.57,14.7,7.9
21-12-2017 19:30 ,0.26,24.33,48.03,0.69,43.21,15.4,8.9
21-12-2017 19:00 ,0.27,31.25,60.13,0.9,39.22,13.8,6.8
21-12-2017 18:30 ,0.36,32.09,72.43,1.17,38.14,19.5,10.5
21-12-2017 18:00 ,0.33,34.64,81.59,1.25,36.76,17.8,8.6
21-12-2017 17:30 ,0.3,37.75,83.25,1.17,37.24,13,7.9
21-12-2017 17:00 ,0.4,49.27,112.65,1.78,31.65,18.3,11.1
21-12-2017 16:30 ,0.43,45.67,127.05,1.7,30.23,15.4,7.7
21-12-2017 16:00 ,0.4,59.61,135.25,1.7,27.34,17.6,4.8
21-12-2017 15:30 ,0.41,61.18,154.62,2.45,24.81,17.3,7.5
21-12-2017 15:00 ,0.4,62.84,148.36,2.24,23.87,18.2,8.3
21-12-2017 14:30 ,0.41,67.84,156.77,2.39,21.83,20,8.6
21-12-2017 14:00 ,0.43,64.26,169.58,2.85,18.36,19.4,7.3
21-12-2017 13:30 ,0.34,62,147.8,2.42,22.21,19.3,7.9
21-12-2017 13:00 ,0.34,62.54,146.78,2.61,22.65,21.4,9.5
21-12-2017 12:30 ,0.31,59.25,146.62,2.53,24.23,17.9,9.5
21-12-2017 12:00 ,0.3,63.95,138.15,1.89,27.24,16.8,7.6
21-12-2017 11:30 ,0.38,71.13,174.98,2.74,21.27,18.9,8.3
21-12-2017 11:00 ,0.33,59.63,140.49,1.76,23.05,20,8.9
21-12-2017 10:30 ,0.35,75.28,186.82,2.55,18.3,22.7,11.4
21-12-2017 10:00 ,0.43,81.53,212.34,3.33,13.73,23,10.1
21-12-2017 09:30 ,0.4,72.33,166.13,2.42,14.85,20.5,8.8
21-12-2017 09:00 ,0.3,60.87,150.72,2.18,16.44,18.6,7.2
21-12-2017 08:30 ,0.36,84.05,197.09,2.87,11.36,18.7,8.3
21-12-2017 08:00 ,0.4,71.93,187.43,2.85,11.61,16.1,7.1
21-12-2017 07:30 ,0.34,64.22,129.12,1.6,19.72,14,5.6
21-12-2017 07:00 ,0.38,54.83,130.76,1.81,20.1,12.5,8.5
21-12-2017 06:30 ,0.27,39.55,95.95,1.44,27.12,9.4,4.7
21-12-2017 06:00 ,,,,,,7.2,4.6
21-12-2017 05:30 ,0.23,22.13,46.38,0.19,38.74,6.4,3.1
21-12-2017 05:00 ,0.2,15.36,29.37,0.05,45.26,4.7,1.5
21-12-2017 04:30 ,0.19,15.51,29.86,0.11,45.64,5,4.6
21-12-2017 04:00 ,0.19,10.14,19.41,,50.13,3.9,2.5
21-12-2017 03:30 ,0.2,8.78,15.89,,50.95,5.1,2
21-12-2017 03:00 ,0.19,8.68,15.26,,,2.9,3
21-12-2017 02:30 ,0.2,6.87,11.16,,46.04,4,4.7
21-12-2017 02:00 ,0.21,7.61,12.83,,40.89,4,3.1
21-12-2017 01:30 ,0.23,7.27,12.79,,34.82,8.8,3.1
21-12-2017 01:00 ,0.24,9.49,17.03,0.05,26.66,5.3,4.7
21-12-2017 00:30 ,0.24,10.4,18.03,0.08,22.47,4.4,4.7
21-12-2017 00:00 ,0.26,12.51,24.47,0.21,21.07,6.4,3.1
20-12-2017 23:30 ,0.26,16.1,31.18,0.32,19.94,6.6,6.3
20-12-2017 23:00 ,0.33,17.1,38.11,0.43,19.54,5.2,4.7
20-12-2017 22:30 ,0.28,17.1,37.42,0.51,20.38,7.8,6.3
20-12-2017 22:00 ,0.4,26.76,59.55,0.88,15.07,10.2,7.6
20-12-2017 21:30 ,0.4,33.05,84.96,1.52,10.3,15.1,9.8
20-12-2017 21:00 ,0.52,41.92,110.18,1.81,5.35,21.9,14.1
20-12-2017 20:30 ,0.47,45.59,132.8,2.24,2.39,21.5,11.1
20-12-2017 20:00 ,0.52,49.13,139.96,2.39,0.48,21.8,12.6
20-12-2017 19:30 ,0.49,50.49,150.61,2.82,0.54,22.5,14.6
20-12-2017 19:00 ,0.45,45.94,147.23,2.77,0.3,16,11.4
20-12-2017 18:30 ,0.48,49.67,147.56,2.61,0,21,13.6
20-12-2017 18:00 ,0.51,44.2,170.63,3.19,0,19.9,12.1
20-12-2017 17:30 ,0.56,53,232.68,4.6,0,20.5,12.3
20-12-2017 17:00 ,0.57,56.06,231.48,4.84,0,22.2,14.6
20-12-2017 16:30 ,0.61,58.45,251.01,5.14,0,22.3,12.8
20-12-2017 16:00 ,0.58,64.22,244.08,5.32,0,22.1,13.9
20-12-2017 15:30 ,0.52,45.08,205.18,4.42,0,20.2,13.6
20-12-2017 15:00 ,0.59,48.18,250.18,5.11,0,21.6,11.8
20-12-2017 14:30 ,0.48,32.26,209.83,4.58,0.02,22.5,13
20-12-2017 14:00 ,0.34,50.93,199.9,4.04,0,12.7,8.2
20-12-2017 13:30 ,0.34,42.11,150.65,2.87,1.28,16.9,7.2
20-12-2017 13:00 ,0.33,45.96,147.38,2.66,3.11,12.5,6.2
20-12-2017 12:30 ,0.31,51.68,164.45,2.9,2.04,13.2,6.2
20-12-2017 12:00 ,0.3,57.07,153.54,2.42,3.77,14.1,7.7
20-12-2017 11:30 ,0.33,56.71,211.83,3.78,1.98,17.1,8.9
20-12-2017 11:00 ,0.28,43.13,156.45,2.98,5.83,16.7,6.8
20-12-2017 10:30 ,0.27,49.4,130.39,2.13,8.56,20.1,9.5
20-12-2017 10:00 ,0.27,46.05,127.74,2.16,7.88,15.5,7.8
20-12-2017 09:30 ,0.27,57.3,125.65,1.97,10.4,13.4,7.8
20-12-2017 09:00 ,0.28,55.62,144.75,2.39,9.14,16.1,9.3
20-12-2017 08:30 ,0.26,59.21,138.18,2.13,10.24,14.5,7.8
20-12-2017 08:00 ,0.34,68.35,179.85,2.82,7.78,17.2,9.4
20-12-2017 07:30 ,0.35,34,169.41,3.41,11.04,13.8,7.8
20-12-2017 07:00 ,0.28,55.94,130.98,2.05,11.89,13.9,6.9
20-12-2017 06:30 ,0.27,50.22,108.8,1.44,18.02,12.1,5.5
20-12-2017 06:00 ,0.21,37.52,73.58,0.8,22.97,9.6,5.6
20-12-2017 05:30 ,0.19,33.3,55.99,0.48,26.14,11.8,5.1
20-12-2017 05:00 ,,,,,,7.6,4.6
20-12-2017 04:30 ,0.17,17.73,31.45,0.27,35.38,8.8,6.2
20-12-2017 04:00 ,0.17,24.5,36.33,0.24,28.96,8.2,6.1
20-12-2017 03:30 ,0.19,24.86,33.83,0.11,30.14,11.8,6.2
20-12-2017 03:00 ,0.2,35.34,48.22,0.27,19.46,10.4,6.2
20-12-2017 02:30 ,0.2,37.58,52.33,0.32,18.02,8.7,6.2
20-12-2017 02:00 ,0.23,18.07,27.16,0.11,,7.6,6
20-12-2017 01:30 ,0.2,26.12,37.33,0.13,25.39,8.5,4.8
20-12-2017 01:00 ,0.27,30.96,47.36,0.24,22.99,9.6,5.6
20-12-2017 00:30 ,0.24,31.38,51,0.32,20.64,9.2,6.5
20-12-2017 00:00 ,0.27,29.74,54.85,0.43,21.83,8.7,4.8
19-12-2017 23:30 ,0.27,34.16,61.58,0.56,20.28,7.7,7
19-12-2017 23:00 ,0.35,33.79,76.17,0.82,16.03,11,6.9
19-12-2017 22:30 ,0.44,43.99,112.02,1.7,10.5,10.9,6.2
19-12-2017 22:00 ,0.38,36.13,76.09,0.96,10.6,10.3,7.7
19-12-2017 21:30 ,0.34,38.36,72.74,0.67,12.09,12.2,7.8
19-12-2017 21:00 ,0.37,44.03,95.22,1.17,17.36,13.4,7.8
19-12-2017 20:30 ,0.27,34.08,65.98,0.67,27.04,9.6,4.4
19-12-2017 20:00 ,0.34,48.86,111.64,1.44,19.46,21.8,9
19-12-2017 19:30 ,0.48,45.52,103.74,1.25,22.95,20.2,8.2
19-12-2017 19:00 ,0.36,47.07,126.74,2.02,15.91,21.1,7.7
19-12-2017 18:30 ,0.56,66.71,194.67,3.14,10.98,28.6,11.5
19-12-2017 18:00 ,0.62,82.47,261.97,4.26,9.54,29.4,10.1
19-12-2017 17:30 ,0.68,82.12,281.42,4.87,7.02,22.4,8.3
19-12-2017 17:00 ,0.54,72.29,218.72,3.59,8.7,20.3,8.8
19-12-2017 16:30 ,0.52,63.48,215.4,3.67,11.4,16.9,7.4
19-12-2017 16:00 ,0.54,57.51,190.46,3.25,10.7,20.6,8.8
19-12-2017 15:30 ,0.51,72.66,210.52,3.35,10.64,25,8
19-12-2017 15:00 ,0.5,69.79,208.77,3.86,11.2,23.2,7.6
19-12-2017 14:30 ,0.45,70.57,248.67,4.31,7.36,22,9.4
19-12-2017 14:00 ,0.48,49.19,201.97,3.83,13.67,20.5,10.2
19-12-2017 13:30 ,0.43,57.85,189.91,3.86,14.53,10.6,6.4
19-12-2017 13:00 ,0.41,66.98,175.92,3.83,16.78,18.2,7.5
19-12-2017 12:30 ,0.4,69.92,272.73,6.17,10.06,15.5,9.5
19-12-2017 12:00 ,0.44,83.9,278.27,4.74,9.84,0,8.3
19-12-2017 11:30 ,0.42,126.17,395.42,4.55,5.77,0,11.4
19-12-2017 11:00 ,0.34,53.86,213.01,3.86,11.06,18.3,7.8
19-12-2017 10:30 ,0.45,70.27,246.66,3.94,8.5,18.3,7.8
19-12-2017 10:00 ,0.56,69.5,229.98,4.1,6.45,19.5,7.1
19-12-2017 09:30 ,0.49,79.29,333.91,5.77,2.63,24.9,10.8
19-12-2017 09:00 ,0.44,83.29,255.66,4.04,4.13,27.5,10.3
19-12-2017 08:30 ,0.49,81.55,318.25,5.56,2.35,37.5,9.5
19-12-2017 08:00 ,0.52,70.44,349.94,6.52,1.88,23.3,12.2
19-12-2017 07:30 ,0.57,77.51,369.47,6.84,1.02,21.5,10.4
19-12-2017 07:00 ,0.59,77.92,316.89,5.75,2.04,23.1,11.9
19-12-2017 06:30 ,0.51,68.08,266.74,4.95,2.79,22,9.9
19-12-2017 06:00 ,0.36,47.09,119.69,1.73,11.5,16.1,8.9
19-12-2017 05:30 ,0.33,30.58,69.52,0.85,19.26,15.4,6.5
19-12-2017 05:00 ,0.26,30.6,67.81,0.9,18.6,14.4,7.7
19-12-2017 04:30 ,0.29,22.85,42.13,0.37,22.25,14.7,7.1
19-12-2017 04:00 ,,,,,,14.8,6.9
19-12-2017 03:30 ,0.29,20.48,31.32,0.19,28.86,16.2,8
19-12-2017 03:00 ,0.29,13.83,17.14,,33.27,15.5,7.8
19-12-2017 02:30 ,0.27,17.37,26.94,0.13,30.73,17.1,7.8
19-12-2017 02:00 ,,,,,33.55,19,7.7
19-12-2017 01:30 ,0.27,15.05,19.54,,30.83,19.1,7.6
19-12-2017 01:00 ,0.28,18.05,24.66,,,22.1,8.2
19-12-2017 00:30 ,0.29,21.23,32.89,0.13,22.87,23.4,7.8
19-12-2017 00:00 ,0.34,27.29,46.37,0.35,19.82,24.9,10.5
18-12-2017 23:30 ,0.34,34.16,65.19,0.72,11.58,25,9.9
18-12-2017 23:00 ,0.37,40.97,86.9,0.88,8.38,21.9,10.5
18-12-2017 22:30 ,0.35,34.92,65.6,0.53,12.05,19,9.8
18-12-2017 22:00 ,0.36,32.17,70.06,0.69,15.33,17.9,9.9
18-12-2017 21:30 ,0.35,35.13,68.9,0.67,18.26,16.2,11.3
18-12-2017 21:00 ,0.35,31.23,64.11,0.67,22.69,15.6,9.2
18-12-2017 20:30 ,0.4,35.73,75.86,0.96,24.23,13.3,8.8
18-12-2017 20:00 ,0.31,31.8,59.86,0.53,27.36,14.6,10
18-12-2017 19:30 ,0.3,32.09,63.26,0.56,23.77,14.5,9
18-12-2017 19:00 ,0.33,45.02,89.65,1.09,17.14,17.4,10.1
18-12-2017 18:30 ,0.36,46.55,102.98,1.28,11.83,17,10.3
18-12-2017 18:00 ,0.36,42.84,95.6,1.22,11.42,18.1,10.6
18-12-2017 17:30 ,0.38,47.37,114.44,1.57,10.42,18.7,8.8
18-12-2017 17:00 ,0.38,42.25,113.97,1.6,9.44,18.3,10.4
18-12-2017 16:30 ,0.37,45.19,111.04,1.62,8.96,17.9,10.6
18-12-2017 16:00 ,0.45,62.14,167.62,2.77,5.11,19.2,11
18-12-2017 15:30 ,0.41,60.68,148.89,2.24,8.04,19.8,13
18-12-2017 15:00 ,0.52,66.08,189.03,3.14,4.71,23,13
18-12-2017 14:30 ,0.5,69.67,217.42,3.57,5.21,24.9,12.6
18-12-2017 14:00 ,0.37,43.61,126.69,2.1,11.77,22.7,12
18-12-2017 13:30 ,0.36,50.26,135.28,2,14.29,24.5,11.3
18-12-2017 13:00 ,0.43,62.35,178.07,2.79,8.3,26.1,14.2
18-12-2017 12:30 ,0.42,55.86,195.57,3.49,7.38,24.1,13.7
18-12-2017 12:00 ,0.33,60.86,144.16,2.18,12.53,29.1,12.2
18-12-2017 11:30 ,0.31,53.24,158.26,2.31,9.64,23.6,11.7
18-12-2017 11:00 ,0.34,65.52,176.36,3.25,8.64,24.4,11.1
18-12-2017 10:30 ,0.34,56,180.91,3.01,11.26,25.1,10.4
18-12-2017 10:00 ,0.33,48.63,176.71,3.06,11.18,25.7,8.2
18-12-2017 09:30 ,0.34,54.12,200.66,3.51,10.12,26,10.5
18-12-2017 09:00 ,0.29,59.12,147.59,2.24,9.22,23.9,10
18-12-2017 08:30 ,0.38,55.69,158.48,2.47,7.96,24,12.3
18-12-2017 08:00 ,0.5,51.71,234.58,4.74,3.65,27.7,12.9
18-12-2017 07:30 ,0.31,54.37,149.28,2.42,6.89,22.1,9.7
18-12-2017 07:00 ,0.31,51.04,137.85,2.26,9,19.8,10.7
18-12-2017 06:30 ,0.33,47.68,157.99,2.69,9.7,18.1,7.8
18-12-2017 06:00 ,,,,,,27.9,7.8
18-12-2017 05:30 ,0.28,28.96,71.96,1.22,17.52,11,5.9
18-12-2017 05:00 ,0.21,25.42,46.32,0.69,25.7,9.4,3.7
18-12-2017 04:30 ,0.2,16.1,26.4,0.56,31.83,5.9,4.2
18-12-2017 04:00 ,0.2,11.4,19.54,0.53,32.39,6.8,3
18-12-2017 03:30 ,0.2,9.64,12.96,0.24,32.33,6.5,4.5
18-12-2017 03:00 ,0.2,13.01,17.14,0.27,,6.4,3.3
18-12-2017 02:30 ,0.2,13.39,18.22,0.29,30.87,6.4,4.4
18-12-2017 02:00 ,0.2,10.31,14.06,0.24,32.97,6.4,4.4
18-12-2017 01:30 ,0.21,6.35,13.47,0.4,34.33,6.9,4.7
18-12-2017 01:00 ,0.35,8.15,13.27,0.29,34.65,5.6,1.5
18-12-2017 00:30 ,0.21,10.88,18.44,0.24,31.67,4.3,4.2
18-12-2017 00:00 ,0.23,19.56,30.7,0.37,24.81,6.9,5
17-12-2017 23:30 ,0.23,28.15,42.62,0.48,17.82,9.9,6.2
17-12-2017 23:00 ,0.26,30.71,51.38,0.59,17.58,12.2,7.8
17-12-2017 22:30 ,0.35,48.08,94.86,1.22,7.86,15.6,10.4
17-12-2017 22:00 ,0.33,42.82,90.44,1.2,9.64,12.3,7.9
17-12-2017 21:30 ,0.33,50.62,109.32,1.41,7.5,19.1,12.8
17-12-2017 21:00 ,0.52,65.98,186.48,2.93,0.94,21.6,11
17-12-2017 20:30 ,0.55,69.6,203.1,3.3,0.8,22.9,14.2
17-12-2017 20:00 ,0.61,60.47,172.67,2.95,2.63,22.1,12.6
17-12-2017 19:30 ,0.54,56.17,144.19,2.1,6.35,23.7,13.9
17-12-2017 19:00 ,0.5,53.72,146.94,2.29,5.09,20.8,11.2
17-12-2017 18:30 ,0.52,56.53,150.49,2.34,6.51,20.5,12.3
17-12-2017 18:00 ,0.64,60.72,204.95,3.73,5.93,25.7,13.9
17-12-2017 17:30 ,0.68,65.79,212.24,3.57,5.95,24.3,14
17-12-2017 17:00 ,0.69,71.55,259.92,4.52,3.11,23.5,16.8
17-12-2017 16:30 ,0.66,66.5,220.78,3.62,3.69,23.5,13.6
17-12-2017 16:00 ,0.7,80.31,262.18,4.68,0.84,25.1,12.6
17-12-2017 15:30 ,0.58,63.59,182.55,3.14,5.01,23.2,9.1
17-12-2017 15:00 ,0.45,47.26,136.25,2.24,17.76,22.2,8.8
17-12-2017 14:30 ,0.45,39.8,119.76,2.08,19.84,16.7,6.3
17-12-2017 14:00 ,0.45,50.49,142.79,2.39,17.34,13,6.3
17-12-2017 13:30 ,0.45,49.5,148.88,2.58,17.54,12.7,7.7
17-12-2017 13:00 ,0.41,39.68,107.27,1.78,18.7,13.4,7.9
17-12-2017 12:30 ,0.54,44.18,189.37,3.7,11.6,17.9,8
17-12-2017 12:00 ,0.43,37.14,127.76,2.53,12.83,11.6,8.1
17-12-2017 11:30 ,0.49,40.18,120.94,2.18,6.71,12.8,5.8
17-12-2017 11:00 ,0.47,48.35,145.3,2.87,5.81,14,9.4
17-12-2017 10:30 ,0.43,44.62,149.74,2.66,5.35,11.7,8.1
17-12-2017 10:00 ,0.33,31.15,89.23,1.57,12.63,8.8,6.7
17-12-2017 09:30 ,0.34,31.48,100.37,1.76,13.67,9.2,6.7
17-12-2017 09:00 ,0.27,27.56,65.76,1.06,14.21,8.4,6.3
17-12-2017 08:30 ,0.33,28.17,73.89,1.25,13.55,9,6.2
17-12-2017 08:00 ,0.26,22.51,53.77,1.01,17.56,7,5.7
17-12-2017 07:30 ,0.22,13.62,25.52,0.48,24.71,6.3,4.2
17-12-2017 07:00 ,0.21,9.73,19.86,0.43,29.96,5.8,5
17-12-2017 06:30 ,0.21,11.59,20.08,0.51,33.29,5.6,5.2
17-12-2017 06:00 ,0.2,12.43,21.65,0.51,35.82,6.1,3.2
17-12-2017 05:30 ,0.21,9.16,15.93,0.29,39.4,5,4.6
17-12-2017 05:00 ,,,,,,7.5,4.6
17-12-2017 04:30 ,0.23,14.5,29.88,0.56,33.23,7.9,6.9
17-12-2017 04:00 ,0.22,15.72,32.83,0.56,32.55,8.9,5.5
17-12-2017 03:30 ,0.21,10.27,16.46,0.32,42.77,5.3,4.5
17-12-2017 03:00 ,0.21,10.58,16.78,0.35,43.63,5.5,4.1
17-12-2017 02:30 ,0.2,8.26,13.69,0.43,43.41,3.7,5.3
17-12-2017 02:00 ,0.23,15.72,32.53,0.67,,12.3,6.3
17-12-2017 01:30 ,0.29,24.37,55.71,1.04,19.96,10.1,5.9
17-12-2017 01:00 ,0.33,24.17,44.93,0.77,20.44,11.2,6.8
17-12-2017 00:30 ,0.34,29.43,65.85,1.17,18.76,12.5,6.1
17-12-2017 00:00 ,0.3,28.02,66.5,1.14,26.78,12.7,3
16-12-2017 23:30 ,0.31,35.53,96.85,1.36,26.22,16.3,8.9
16-12-2017 23:00 ,0.37,28.27,70.86,0.98,32.27,11.6,5.6
16-12-2017 22:30 ,0.29,25.65,70.09,0.85,33.91,13.7,5.8
16-12-2017 22:00 ,0.42,31.35,75.69,1.06,29.32,16.7,9.7
16-12-2017 21:30 ,0.34,34.73,78.71,0.88,26.58,18.6,10.7
16-12-2017 21:00 ,0.38,40.09,94.57,1.12,22.67,25,11.4
16-12-2017 20:30 ,0.47,46,114.68,1.44,19.12,26,14
16-12-2017 20:00 ,0.45,49.11,113.13,1.49,19.22,25.1,12.5
16-12-2017 19:30 ,0.48,51.22,118.73,1.52,16.76,23.3,14.8
16-12-2017 19:00 ,0.51,64.93,172.58,2.42,11.02,29.7,15.6
16-12-2017 18:30 ,0.63,73.69,248.12,3.83,6.98,32.8,19.8
16-12-2017 18:00 ,0.69,79.02,259.22,3.86,8.56,34.8,20.5
16-12-2017 17:30 ,0.73,77.49,260.34,4.36,10.4,25.6,14.3
16-12-2017 17:00 ,0.68,81.45,282.04,4.5,10.7,23.1,13.2
16-12-2017 16:30 ,0.61,73.52,229.55,3.46,14.49,34.2,11.4
16-12-2017 16:00 ,0.48,60.68,206.92,3.01,16.19,32.4,11.1
16-12-2017 15:30 ,0.48,66.31,185.03,3.03,18.34,29.7,9.7
16-12-2017 15:00 ,0.45,54.87,162.62,2.37,21.89,23.2,9.6
16-12-2017 14:30 ,0.45,40.7,126.59,2.18,25.07,17.6,9.6
16-12-2017 14:00 ,0.36,42.25,115.23,1.81,26.18,16.4,8
16-12-2017 13:30 ,0.4,35.48,94.6,1.65,31.69,16.6,8
16-12-2017 13:00 ,0.38,32.28,95.68,1.84,30.73,12.4,6.4
16-12-2017 12:30 ,0.36,35.57,85.82,1.17,34.43,13.7,4.3
16-12-2017 12:00 ,0.33,35.86,90.77,1.54,28.74,11.8,6.7
16-12-2017 11:30 ,0.35,35.71,94.88,1.62,26.16,11.5,4.7
16-12-2017 11:00 ,0.37,32.42,77.13,1.25,27.12,11.9,7.1
16-12-2017 10:30 ,0.3,36.76,95.76,1.36,21.83,12.7,6.1
16-12-2017 10:00 ,0.31,58.01,136.35,2.39,22.59,12.9,7.6
16-12-2017 09:30 ,0.3,34.96,76.72,1.06,21.75,13.5,5.2
16-12-2017 09:00 ,0.27,39.74,99.71,1.41,17.98,13.3,7.9
16-12-2017 08:30 ,0.33,36.64,97.19,1.38,19.16,8.9,4.7
16-12-2017 08:00 ,0.31,38.19,98.29,1.38,20.97,8.5,6.2
16-12-2017 07:30 ,0.23,33.97,72.93,0.88,23.23,7.5,3.2
16-12-2017 07:00 ,0.23,22.3,47.78,0.43,31.59,7.1,4.7
16-12-2017 06:30 ,0.22,21.38,43.77,0.32,33.25,7.4,4.7
16-12-2017 06:00 ,0.23,18.21,39.2,0.45,33.21,9,4.7
16-12-2017 05:30 ,0.22,24.37,59.77,0.77,28.84,9.2,4.7
16-12-2017 05:00 ,0.23,22.59,45.87,0.53,32.85,9.1,6.3
16-12-2017 04:30 ,0.24,17.48,35.54,0.43,35.9,9.4,4.7
16-12-2017 04:00 ,,,,,,9.1,3.1
16-12-2017 03:30 ,0.23,25.78,50.47,0.72,36.3,8,4.7
16-12-2017 03:00 ,0.24,22.09,45.82,0.72,36.68,8.6,3.6
16-12-2017 02:30 ,0.26,15.24,34.89,0.43,38.88,8.2,5.9
16-12-2017 02:00 ,0.3,22.4,46.62,0.8,29,14.1,7.3
16-12-2017 01:30 ,0.34,31.58,64.63,0.77,20.18,16.1,8.7
16-12-2017 01:00 ,0.34,43.07,85.2,1.01,,14.6,8.3
16-12-2017 00:30 ,0.34,44.16,95.18,1.33,9.94,14.4,11
16-12-2017 00:00 ,0.43,46.97,115.2,1.68,8.28,14.6,9.1
15-12-2017 23:30 ,0.49,42.78,130.49,2.21,8.52,15.1,9.9
15-12-2017 23:00 ,0.41,43.15,97.13,1.3,8.46,18.9,9.4
15-12-2017 22:30 ,0.54,47.51,120.09,1.49,7.42,20.7,10.8
15-12-2017 22:00 ,0.49,60.26,169.74,2.53,4.67,22.4,13.7
15-12-2017 21:30 ,0.64,57.15,165.18,2.55,5.65,28.2,16.3
15-12-2017 21:00 ,0.55,57.59,165.37,2.55,0.88,30.2,19.7
15-12-2017 20:30 ,0.52,54.28,164.49,2.5,2.87,25.8,15.8
15-12-2017 20:00 ,0.56,52.02,143.65,2.31,3.29,25.8,15.8
15-12-2017 19:30 ,0.5,60.05,178.93,2.9,3.59,28.2,16.2
15-12-2017 19:00 ,0.55,56.38,182.94,3.11,3.17,24.6,15.1
15-12-2017 18:30 ,0.48,52.38,160.83,2.5,3.75,24.9,12.6
15-12-2017 18:00 ,0.55,66,201.17,3.22,2.16,24.6,13.1
15-12-2017 17:30 ,0.63,67.42,283.8,5.03,0.76,30.7,15.1
15-12-2017 17:00 ,0.8,74.17,254.29,4.76,0.52,26.5,14.2
15-12-2017 16:30 ,0.57,56.19,199.61,3.33,1.94,24.1,12.6
15-12-2017 16:00 ,0.59,58.71,196,3.7,1.24,24.4,12.6
15-12-2017 15:30 ,0.57,51.01,159.91,2.71,5.31,20.4,9.6
15-12-2017 15:00 ,0.45,48.02,169.85,3.09,7,23.6,11.4
15-12-2017 14:30 ,0.44,42.17,139.85,2.5,10.4,25.3,8.1
15-12-2017 14:00 ,0.41,39.93,149.3,2.66,11.04,25.5,8.7
15-12-2017 13:30 ,0.42,51.66,163.44,2.85,12.69,28.4,10.7
15-12-2017 13:00 ,0.33,44.27,119.52,1.76,23.55,28.2,7.9
15-12-2017 12:30 ,0.35,46.72,132.29,2.1,28.1,33.5,9.9
15-12-2017 12:00 ,0.47,69.67,184.54,2.95,23.07,41.3,6.7
15-12-2017 11:30 ,0.38,67.07,179.73,2.82,21.15,33.1,10.4
15-12-2017 11:00 ,0.38,71.99,209.63,3.14,15.71,33,13.7
15-12-2017 10:30 ,0.41,76.25,248.59,4.12,9.3,30.8,11.6
15-12-2017 10:00 ,0.37,66.15,197.9,3.38,9.24,24.4,11.7
15-12-2017 09:30 ,0.42,68.03,195.35,3.3,7.14,27.2,14.6
15-12-2017 09:00 ,0.43,84.95,251.1,4.18,5.13,29.1,14.1
15-12-2017 08:30 ,0.43,79.5,278.01,4.71,3.01,28.9,11.9
15-12-2017 08:00 ,0.52,82.66,262.65,4.42,3.07,27.7,10
15-12-2017 07:30 ,0.4,67.11,199.98,3.25,10.86,20.9,7.3
15-12-2017 07:00 ,0.36,73,192.14,2.95,11.5,20,8.4
15-12-2017 06:30 ,0.36,58.54,151.89,2.37,21.33,18.6,8.8
15-12-2017 06:00 ,,,,,,17.6,8
15-12-2017 05:30 ,0.22,29.49,81.36,1.52,36.06,12.6,5.4
15-12-2017 05:00 ,0.19,20.85,42.03,0.56,42.81,12.1,5.6
15-12-2017 04:30 ,0.19,19.91,32.28,0.48,44.76,12.5,6.7
15-12-2017 04:00 ,0.17,17.52,26.84,0.51,45.96,13.2,3.1
15-12-2017 03:30 ,0.17,7.25,17.92,0.48,53.05,10.7,4.8
15-12-2017 03:00 ,0.2,11.61,19.63,0.37,,11.3,4.8
15-12-2017 02:30 ,0.19,10.63,18.24,0.4,53.31,11.8,6.4
15-12-2017 02:00 ,0.19,11.3,19.57,0.48,55.72,10.6,5.1
15-12-2017 01:30 ,0.2,12.26,21.89,0.24,56.1,11.7,4.4
15-12-2017 01:00 ,0.22,10.5,18.49,0.13,58.65,12.8,5.7
15-12-2017 00:30 ,0.26,22.66,38.51,0.35,49.73,14.5,7.2
15-12-2017 00:00 ,0.27,30.5,54.83,0.43,45.94,15.3,6.4
14-12-2017 23:30 ,0.24,35.21,68.17,0.75,39.69,14.1,6.5
14-12-2017 23:00 ,0.24,27.85,54.25,0.53,45.68,14.5,7.1
14-12-2017 22:30 ,0.3,30.2,62.81,0.61,46.9,14.7,5.8
14-12-2017 22:00 ,0.31,34.39,72.04,0.77,44.18,14.8,6.9
14-12-2017 21:30 ,0.27,27.69,58.02,0.56,49.17,15.1,10.9
14-12-2017 21:00 ,0.31,32.47,68.9,0.75,47.18,16.4,8
14-12-2017 20:30 ,0.27,33.09,59.49,0.48,49.79,15.3,8.2
14-12-2017 20:00 ,0.33,33.95,66.25,0.56,49.63,15.7,8.1
14-12-2017 19:30 ,0.3,34.64,72.14,0.82,44.98,17.9,9.8
14-12-2017 19:00 ,0.33,48.73,91.69,1.01,41.33,17.3,10.5
14-12-2017 18:30 ,0.34,43.82,99.64,1.14,42.73,18.9,11.4
14-12-2017 18:00 ,0.33,51.16,112.9,1.22,42.27,17.2,9.1
14-12-2017 17:30 ,0.35,57.05,126.44,1.41,37.5,18,7.5
14-12-2017 17:00 ,0.43,65.66,150.07,2.08,36.72,15.4,8.9
14-12-2017 16:30 ,0.42,59.31,178.17,2.93,32.43,19.2,10.6
14-12-2017 16:00 ,0.47,67.36,165.91,2.37,28.94,19.4,13.8
14-12-2017 15:30 ,0.47,63.95,152.29,2.05,32.79,16.9,6.5
14-12-2017 15:00 ,0.38,51.5,126.14,1.86,40.37,17.6,8.8
14-12-2017 14:30 ,0.33,49.94,114.51,1.73,45.98,16.7,7.7
14-12-2017 14:00 ,0.28,41.62,91.06,1.46,55.14,14.8,8.2
14-12-2017 13:30 ,0.26,29.93,71.19,1.17,60.33,10.9,5.8
14-12-2017 13:00 ,0.27,37.77,91.41,1.28,57.48,12.5,6.8
14-12-2017 12:30 ,0.28,40.49,103.25,1.62,51.93,11.6,6.6
14-12-2017 12:00 ,0.31,46.44,120.8,1.89,48.6,12,6.7
14-12-2017 11:30 ,0.28,53.7,124.75,1.86,44.18,16.1,7.3
14-12-2017 11:00 ,0.31,53.8,136.28,2.1,30.59,16.7,9.2
14-12-2017 10:30 ,0.37,66.71,219.42,3.65,11.28,16.7,7.8
14-12-2017 10:00 ,0.37,53.47,179.67,3.41,7.7,15.2,9.6
14-12-2017 09:30 ,0.52,70.55,294.99,5.75,1.68,20.5,9.7
14-12-2017 09:00 ,0.44,62.62,204.86,3.78,3.65,19.7,12.2
14-12-2017 08:30 ,0.43,56.5,196.67,3.75,6.87,11.4,4.9
14-12-2017 08:00 ,0.37,64.05,189.24,3.3,8.5,13.2,6.5
14-12-2017 07:30 ,0.78,49.04,162.13,2.79,12.61,9.8,3.2
14-12-2017 07:00 ,0.37,56.57,144.78,2.42,17.64,9.6,3.1
14-12-2017 06:30 ,0.37,46.89,143.62,2.55,19.46,6.7,3.1
14-12-2017 06:00 ,0.27,27.44,67.73,1.28,26.86,4.6,1.6
14-12-2017 05:30 ,0.22,16.16,36.32,0.67,35.86,4.8,1.7
14-12-2017 05:00 ,,,,,,4.6,1.3
14-12-2017 04:30 ,0.21,8.84,13.92,0.32,49.99,4.2,1.5
14-12-2017 04:00 ,0.19,8.07,10.74,0.27,52.87,5.7,3.1
14-12-2017 03:30 ,0.19,7.8,12.86,0.32,51.43,5,1.6
14-12-2017 03:00 ,0.2,8.78,11.93,0.19,48.5,7.2,3.1
14-12-2017 02:30 ,0.21,8.49,11.78,0.11,43.45,7.9,6.6
14-12-2017 02:00 ,0.2,9.72,13.09,0.13,,5.5,1.6
14-12-2017 01:30 ,0.2,13.29,17.36,0.13,40.25,3.7,1.8
14-12-2017 01:00 ,0.22,16.29,22.03,0.27,33.17,2.8,1
14-12-2017 00:30 ,0.22,13.88,20.42,0.19,36.58,1.8,0
14-12-2017 00:00 ,0.22,13.83,21.52,0.29,37.72,2.6,2
13-12-2017 23:30 ,0.23,11.28,20.77,0.45,39.67,2.2,0.9
13-12-2017 23:00 ,0.24,11.8,20.91,0.4,40.43,2.9,0.7
13-12-2017 22:30 ,0.27,12.91,25.19,0.53,41.67,3,0.6
13-12-2017 22:00 ,0.27,15.99,36.02,0.77,40.13,4.2,0
13-12-2017 21:30 ,0.26,14.52,38.26,0.69,39.77,5.4,0.8
13-12-2017 21:00 ,0.27,16.72,34.7,0.48,40.87,5.8,2.6
13-12-2017 20:30 ,0.29,17.04,39.95,0.43,38.66,6.1,1.5
13-12-2017 20:00 ,0.27,17.81,39.04,1.01,39.71,5.8,1.4
13-12-2017 19:30 ,0.27,17.44,35.15,0.61,40.59,6,1.5
13-12-2017 19:00 ,0.27,20.71,47.06,0.85,39.57,7.9,3.1
13-12-2017 18:30 ,0.29,20.1,51.48,0.88,37.3,10.1,4.4
13-12-2017 18:00 ,0.29,24.71,65.68,1.2,33.61,12.2,3.5
13-12-2017 17:30 ,0.31,28.44,81.06,1.44,31.87,13.2,4.6
13-12-2017 17:00 ,0.3,29.38,72.26,1.09,33.59,12,3.4
13-12-2017 16:30 ,0.3,24.23,71.75,1.25,33.13,13.1,4.6
13-12-2017 16:00 ,0.3,39.49,92.44,1.6,32.41,14,4.7
13-12-2017 15:30 ,0.35,19.55,82.18,1.62,32.61,13.4,4.7
13-12-2017 15:00 ,0.28,32.4,85.07,1.38,34.63,13.9,4.8
13-12-2017 14:30 ,0.3,38.98,102.81,1.6,31.05,14.6,4.7
13-12-2017 14:00 ,0.29,39.42,95.56,1.52,29.76,16.6,4.7
13-12-2017 13:30 ,0.27,42.8,97.39,1.7,30.17,16.2,7.1
13-12-2017 13:00 ,0.28,32.51,84.71,1.41,28.46,15.5,5.6
13-12-2017 12:30 ,0.26,41.67,102.73,1.68,26.98,15.1,4.7
13-12-2017 12:00 ,0.26,34.75,101.06,1.62,24.99,15.3,5.5
13-12-2017 11:30 ,0.26,41.48,96.93,1.22,28.54,17.2,7.2
13-12-2017 11:00 ,0.27,40.39,98.25,1.46,21.91,18.9,7.2
13-12-2017 10:30 ,0.3,36.2,90.47,1.3,25.96,18.3,5.5
13-12-2017 10:00 ,0.24,37.91,77.97,1.01,28.08,18.7,7.7
13-12-2017 09:30 ,0.23,,,1.25,28.8,16.4,6.6
13-12-2017 09:00 ,0.24,,,1.17,28.46,14.8,3.1
13-12-2017 08:30 ,0.23,42.78,88.8,0.9,27.44,16.5,9
13-12-2017 08:00 ,0.28,46.17,111.74,1.54,23.27,19.5,10.1
13-12-2017 07:30 ,0.26,43.34,94.57,1.25,27.26,14.5,6.3
13-12-2017 07:00 ,0.28,52.79,112.45,1.49,26.74,13,6.3
13-12-2017 06:30 ,0.24,37.26,83.14,1.01,31.07,13.3,4.7
13-12-2017 06:00 ,0.22,32.4,60.9,0.53,37.86,11.4,4.7
13-12-2017 05:30 ,0.2,24.44,44.12,0.4,39.3,11.7,4.7
13-12-2017 05:00 ,0.2,24.58,39.99,0.35,38.32,10.3,4.7
13-12-2017 04:30 ,0.2,19.13,28.78,0.21,42.13,8.7,0.8
13-12-2017 04:00 ,,,,,,11.5,3.7
13-12-2017 03:30 ,0.2,12.83,22.18,0.13,40.39,12.5,6.3
13-12-2017 03:00 ,0.2,20.35,30.15,0.13,35.38,13.9,4.7
13-12-2017 02:30 ,0.2,13.44,20.43,0.08,38.78,12.5,7.9
13-12-2017 02:00 ,0.2,9.41,15.02,0.05,43.33,11.5,4.7
13-12-2017 01:30 ,0.2,10.54,16.32,0.13,44.1,12.7,2.2
13-12-2017 01:00 ,0.2,12.55,19.09,0.21,,12.7,4
13-12-2017 00:30 ,0.21,18,30.66,0.32,39.44,13.5,3.7
13-12-2017 00:00 ,0.24,23.26,38.36,,35.56,13.5,5.7
12/12/17 23:30,0.26,22.51,42.35,,31.11,13.1,5.8
12/12/17 23:00,0.28,24.98,49.6,,31.41,14.4,5.7
12/12/17 22:30,0.35,35.42,67.77,0.11,27.12,16.5,8.5
12/12/17 22:00,0.37,38.38,96.81,0.77,19.42,19.3,8.3
12/12/17 21:30,0.37,34.33,82.98,0.53,21.97,18.6,9
12/12/17 21:00,0.38,40.14,87.47,0.4,24.75,17.8,6.7
12/12/17 20:30,0.36,29.2,61.64,,34.09,19.5,8
12/12/17 20:00,0.36,31.9,81.93,0.53,32.97,17.2,6.5
12/12/17 19:30,0.31,26.45,56.26,0.08,38.22,17.2,7.8
12/12/17 19:00,0.31,26.49,61.34,0.13,34.81,17.5,9.5
12/12/17 18:30,0.36,37.22,74.25,0.13,33.43,14.7,9.6
12/12/17 18:00,0.4,52.35,116.09,0.96,19.24,17.1,8
12/12/17 17:30,0.37,42.65,100.61,0.9,21.81,20.3,8
12/12/17 17:00,0.43,54.77,164.87,2.29,21.97,19.5,9.3
12/12/17 16:30,0.52,54.68,139.9,1.6,19.2,15.6,5.9
12/12/17 16:00,0.41,58.06,125.52,1.17,20,18.6,6.7
12/12/17 15:30,0.42,68.14,161.08,1.89,12.03,19.2,8
12/12/17 15:00,0.45,64.93,167.72,2.37,9.8,23.4,6.7
12/12/17 14:30,0.41,69.16,162.71,2.02,13.25,16.5,6.4
12/12/17 14:00,0.42,67.43,192.08,2.77,12.51,18.2,5.2
12/12/17 13:30,0.36,59.71,143.26,1.84,14.21,17.5,4.3
12/12/17 13:00,0.35,60,158.41,2.29,9.64,21.9,5.9
12/12/17 12:30,0.38,54.68,172.51,2.98,7.2,21.2,5.2
12/12/17 12:00,0.37,49.02,159.39,2.61,12.71,15.8,0
12/12/17 11:30,0.37,53.24,161.55,2.31,10.54,16.6,0
12/12/17 11:00,0.43,57.38,191.82,2.93,7.84,20.2,11.8
12/12/17 10:30,0.43,62.29,237.46,4.04,6.07,18.2,10.2
12/12/17 10:00,0.42,64.47,212.65,3.57,5.31,17.9,10.7
12/12/17 9:30,0.47,60.07,226.3,4.1,2.97,16.2,9.6
12/12/17 9:00,0.51,61.58,283.47,4.84,0.92,18.8,9.4
12/12/17 8:30,0.57,51.66,252.15,5,0.12,16.1,8.4
12/12/17 8:00,0.61,55.83,329.14,6.25,0,17,8.3
12/12/17 7:30,0.61,56.4,327.02,6.31,0.28,16.1,9.7
12/12/17 7:00,0.61,,,6.23,0.46,18.2,9.3
12/12/17 6:30,0.45,57.09,213.86,4.15,2.97,13.4,6.6
12/12/17 6:00,,,,,,10.9,5.1
12/12/17 5:30,0.29,28.88,67.76,1.09,11.67,6.7,4.8
12/12/17 5:00,0.26,19.47,34.87,0.51,19.1,4.9,1.1
12/12/17 4:30,0.26,13.44,19.98,0.24,19.86,4.6,3.4
12/12/17 4:00,0.26,13.75,17.78,0.24,20.06,3.8,3.1
12/12/17 3:30,0.26,12.11,16.36,0.08,21.05,4.7,3.1
12/12/17 3:00,0.27,12.62,21.89,0.19,,3.6,6.4
12/12/17 2:30,0.27,16.49,27.15,0.37,19.14,5.1,4.8
12/12/17 2:00,0.28,23.12,48.15,0.48,15.25,5.1,0.1
12/12/17 1:30,0.29,25.36,52.16,1.17,14.97,5.3,4.4
12/12/17 1:00,,,,,12.45,4.6,3.1
12/12/17 0:30,0.31,27.77,57.07,0.69,14.03,3.6,3.5
12/12/17 0:00,0.31,31.44,70.66,0.77,11.97,7.7,7.6
11/12/17 23:30,0.37,36.76,84.94,1.14,9.32,9.6,7.8
11/12/17 23:00,0.44,37.75,97.46,1.3,7.38,11,7.9
11/12/17 22:30,0.52,49.46,147.16,2.34,5.05,14.7,10.1
11/12/17 22:00,0.57,64.55,198.2,3.3,1.26,15.6,11.3
11/12/17 21:30,0.69,58.45,196.47,3.17,3.89,15.8,10.9
11/12/17 21:00,0.59,49.3,151.88,2.55,9.8,15.6,11.8
11/12/17 20:30,0.49,32.34,95.57,1.65,17.14,16,11.5
11/12/17 20:00,0.52,37.29,97.93,1.46,17.9,20.9,15.3
11/12/17 19:30,0.41,39.47,105,1.54,17.34,18.7,8.9
11/12/17 19:00,0.41,42.94,130.01,2.08,16.36,24.7,12.2
11/12/17 18:30,0.52,51.54,147.71,2.5,13.71,24.5,13.3
11/12/17 18:00,0.52,55.92,174.51,2.79,11.18,22.8,15.1
11/12/17 17:30,0.51,55.88,172.36,2.61,12.21,21.3,11.5
11/12/17 17:00,0.56,60.78,178.45,2.95,13.89,21.7,13
11/12/17 16:30,0.65,65.08,212.73,3.57,9.56,21.3,13.1
11/12/17 16:00,0.7,42.8,137.65,2.74,16.21,18.4,11.4
11/12/17 15:30,0.38,34.16,61.44,0.8,23.03,17.6,12.7
11/12/17 15:00,0.44,41.39,96.79,1.65,19.82,20,13.2
11/12/17 14:30,0.4,51.98,118.12,1.97,18.72,21.8,16.5
11/12/17 14:00,0.37,49.71,123.17,1.97,15.81,24.2,15.5
11/12/17 13:30,0.55,58.69,234.48,4.39,9.96,28.9,12.3
11/12/17 13:00,0.48,68.45,229.75,4.02,6.31,52.2,15.1
11/12/17 12:30,0.47,79.85,258.35,4.52,6.41,65.1,16.6
11/12/17 12:00,0.49,74.4,250.37,4.44,7.54,72.1,18.6
11/12/17 11:30,0.44,83.75,272.4,4.87,7.78,63.5,16.7
11/12/17 11:00,0.51,81.17,296.4,5.51,6.31,46.2,17.1
11/12/17 10:30,0.42,55.73,209.98,3.94,11.3,52.7,17.1
11/12/17 10:00,0.48,66.21,224.95,4.28,14.39,37.8,13.4
11/12/17 9:30,0.43,66.82,229.84,4.39,15.53,26.3,9.8
11/12/17 9:00,0.37,55.52,218.27,3.86,14.33,36.1,12.3
11/12/17 8:30,0.51,83.84,330.55,5.85,6.27,45.3,12.6
11/12/17 8:00,0.58,86.98,340.44,6.36,6.49,30.6,20
11/12/17 7:30,0.52,72.22,234.73,4.28,11.16,19.2,12.7
11/12/17 7:00,0.4,70.53,203.85,3.51,16.11,21.1,15.3
11/12/17 6:30,0.48,66.99,220.23,4.07,15.61,25.9,15.4
11/12/17 6:00,0.3,46.07,135.44,2.31,24.25,23.8,9.6
11/12/17 5:30,0.29,45.21,108.72,1.7,28.08,28,12.9
11/12/17 5:00,,,,,,21.3,8.8
11/12/17 4:30,0.22,15.61,30.1,0.61,49.35,13.8,10.6
11/12/17 4:00,0.2,9.28,16.17,0.43,54.64,16.2,8.4
11/12/17 3:30,0.2,10.04,20.83,0.56,54.78,11.7,8.1
11/12/17 3:00,0.2,10.56,18.9,0.48,54.22,11.6,8.1
11/12/17 2:30,0.2,8.63,14.4,0.51,58.31,10.7,8.1
11/12/17 2:00,0.21,8.01,14.54,0.51,,11.6,8.3
11/12/17 1:30,0.26,15.32,25.91,0.59,50.57,14,11.2
11/12/17 1:00,0.22,14.44,22.54,0.53,51.07,11.3,7.2
11/12/17 0:30,0.21,14.27,26.13,0.61,53.35,10.5,5.7
11/12/17 0:00,0.26,20.62,33.56,0.51,48.97,9,6.4
10/12/17 23:30,0.23,18.51,24.72,0.29,50.11,9.6,7.6
10/12/17 23:00,0.26,21.92,40.71,0.61,47.86,10.8,6.4
10/12/17 22:30,0.2,13.87,22.14,0.64,55.18,8.7,3.6
10/12/17 22:00,0.22,13.06,20.88,0.32,56.48,6.5,3.4
10/12/17 21:30,0.24,22.28,35.03,0.45,49.09,9.8,6.8
10/12/17 21:00,0.26,19.64,37.8,0.64,49.41,10.4,5.8
10/12/17 20:30,0.24,16.91,33.24,0.64,51.27,8.4,6.4
10/12/17 20:00,0.23,14.65,26.05,0.48,54.08,19.2,8
10/12/17 19:30,0.23,20.5,34.59,0.45,50.89,24.8,7.6
10/12/17 19:00,0.27,24,46.58,0.53,48.38,36,5.5
10/12/17 18:30,0.24,22.38,40.41,0.69,51.75,31.6,7.9
10/12/17 18:00,0.29,32.59,60.33,0.96,47.68,45.7,6.2
10/12/17 17:30,0.28,36.95,71.02,1.14,46.68,24,5.3
10/12/17 17:00,0.3,25.61,55.38,0.75,50.45,6.8,2.8
10/12/17 16:30,0.29,24.38,51.88,0.8,49.07,8,4.8
10/12/17 16:00,0.34,34.16,76.91,1.12,41.25,15.7,8
10/12/17 15:30,0.41,42.4,95.93,1.52,34.65,16.9,6.6
10/12/17 15:00,0.36,43.45,98.87,1.54,34.57,17.6,11.7
10/12/17 14:30,0.33,34.39,96.61,1.57,37.26,15.4,7.7
10/12/17 14:00,0.38,40.89,101.03,1.76,35.14,17.1,8.1
10/12/17 13:30,0.37,33.72,73.59,1.25,39.24,12.9,4.7
10/12/17 13:00,0.31,31.12,68.62,1.04,39.18,13,6.6
10/12/17 12:30,0.28,20.73,45.91,0.67,41.33,14.4,7.7
10/12/17 12:00,0.26,26.16,48.66,0.67,40.87,12,6.5
10/12/17 11:30,0.28,32.19,62.37,0.88,36.96,11.7,5.9
10/12/17 11:00,0.27,32.03,64.63,1.12,32.79,13.1,6.9
10/12/17 10:30,0.23,24.23,41.9,0.67,37.68,11.2,8
10/12/17 10:00,0.23,25.17,45.53,0.67,38.98,9.5,4.8
10/12/17 9:30,0.24,24.42,46.51,0.61,35.46,10.6,6.3
10/12/17 9:00,0.24,27.64,49.73,0.75,33.59,10.9,6.9
10/12/17 8:30,0.22,23.81,39.66,0.56,35.46,9.4,5.9
10/12/17 8:00,0.21,17.52,28.3,0.4,42.91,7.7,4.7
10/12/17 7:30,0.19,17.92,28.85,0.37,42.69,9.2,4.8
10/12/17 7:00,0.19,15.51,24.51,0.27,50.45,5.8,3.1
10/12/17 6:30,0.19,16.47,27.08,0.29,50.15,6.8,4.7
10/12/17 6:00,0.21,14.1,24.39,0.19,52.81,11.1,3.1
10/12/17 5:30,0.24,16.24,29.69,0.27,54.3,12.4,1.8
10/12/17 5:00,0.22,15.26,33.21,0.59,53.07,4.9,1.2
10/12/17 4:30,0.19,14.82,26.26,0.4,55.14,6.7,4.6
10/12/17 4:00,,,,,,6.5,1.6
10/12/17 3:30,0.16,14.65,29.36,0.43,55.94,5.6,3.1
10/12/17 3:00,0.17,14.63,31.44,0.48,55.86,5.7,4.7
10/12/17 2:30,0.17,18.47,32.56,0.43,51.55,8.3,3.2
10/12/17 2:00,0.22,21.06,41.2,0.56,53.21,6.2,2.3
10/12/17 1:30,0.21,15.09,30.95,0.19,55.88,8.4,5.3
10/12/17 1:00,0.23,24.67,63.26,0.64,,9.1,3.2
10/12/17 0:30,0.21,25.82,63.91,0.72,43.95,10.5,3.1
10/12/17 0:00,0.22,32.3,73.81,1.09,40.43,11,5.8