Timestamp,CO,NO2,NOX,O3
9/1/18 6:30,0.17,5.3,6.27,63.72
9/1/18 6:00,0.19,5.2,9.96,62.25
9/1/18 5:30,0.17,5.76,6.88,64.14
9/1/18 4:30,0.17,6.9,6.37,65.58
9/1/18 4:00,0.16,4.99,4.78,70.23
9/1/18 3:30,0.17,3.92,3.4,70.21
9/1/18 3:00,0.16,4.51,3.73,68.69
9/1/18 2:30,0.17,5.3,5.39,65.9
9/1/18 2:00,0.16,4.55,3.86,
9/1/18 1:30,0.19,5.43,5.28,64.4
9/1/18 1:00,0.17,6.39,6.1,58.29
9/1/18 0:30,0.19,7.21,6.71,57.86
9/1/18 0:00,0.19,6.83,6.85,59.25
8/1/18 23:30,0.19,7.04,6.39,59.95
8/1/18 23:00,0.19,9.41,9.08,55.9
8/1/18 22:30,0.2,10.73,10.46,53.19
8/1/18 22:00,0.23,16.03,16.05,46.3
8/1/18 21:30,0.22,17,17.67,45
8/1/18 21:00,0.24,28.61,28.82,27.92
8/1/18 20:30,0.24,30.79,31.82,26.18
8/1/18 20:00,0.26,29.13,30.03,28.44
8/1/18 19:30,0.23,26.83,26.64,33.55
8/1/18 19:00,0.22,20,20.33,44.78
8/1/18 18:30,0.22,19.68,20.52,46.62
8/1/18 18:00,0.22,21.02,21.53,45.04
8/1/18 17:30,0.23,19.35,19.34,49.39
8/1/18 17:00,0.28,23.49,24.37,44.16
8/1/18 16:30,0.27,17.96,18.19,51.89
8/1/18 16:00,0.28,17.96,18.59,52.71
8/1/18 15:30,0.27,21.57,23.45,46.34
8/1/18 15:00,0.27,28.34,32.65,33.63
8/1/18 14:30,0.24,31.15,38.82,28.84
8/1/18 14:00,0.28,31.84,45.12,27.46
8/1/18 13:30,0.31,35.53,55.88,23.65
8/1/18 13:00,0.33,39.44,70.55,20.48
8/1/18 12:30,0.31,35.61,58.85,24.67
8/1/18 12:00,0.35,39.63,74.42,19.6
8/1/18 11:30,0.35,38.98,70.82,20.4
8/1/18 11:00,0.34,42.82,81.61,17.3
8/1/18 10:30,0.36,44.24,87.94,14.91
8/1/18 10:00,0.36,45.8,91.72,11.89
8/1/18 9:30,0.36,49.95,104.94,8.64
8/1/18 9:00,0.37,48.14,89.89,7.52
8/1/18 8:30,0.37,47.33,74.89,7.08
8/1/18 8:00,0.37,47.81,71.07,6.91
8/1/18 7:30,0.35,44.56,61.03,10.7
8/1/18 7:00,0.3,41.67,52.06,13.33
8/1/18 6:30,0.28,36.68,40.81,19.04
8/1/18 6:00,0.26,26.87,28.25,27.42
8/1/18 5:30,0.26,19.56,19.83,34.39
8/1/18 5:00,0.24,17.12,16.77,38.92
8/1/18 4:30,0.24,18.25,18.44,37.2
8/1/18 3:30,0.28,16.16,16.98,39.14
8/1/18 3:00,0.27,15.45,16.37,41.43
8/1/18 2:30,0.26,12.41,13.27,46.12
8/1/18 2:00,0.27,16.35,17.33,40.87
8/1/18 1:30,0.28,19.62,20.98,35.04
8/1/18 1:00,0.28,19.03,20.27,
8/1/18 0:30,0.3,20.88,21.53,34.39
8/1/18 0:00,0.33,24.27,25.36,32.19
7/1/18 23:30,0.3,20.29,21.31,37.78
7/1/18 23:00,0.3,21.25,21.82,36.62
7/1/18 22:30,0.34,24.69,26.26,32.87
7/1/18 22:00,0.34,24.5,25.76,33.35
7/1/18 21:30,0.34,26.58,27.6,31.07
7/1/18 21:00,0.36,29.43,31.12,28.3
7/1/18 20:30,0.35,28.67,30.06,29.48
7/1/18 20:00,0.35,29.64,30.56,30.08
7/1/18 19:30,0.33,26.93,28.42,35.06
7/1/18 19:00,0.31,25.76,27.33,36.12
7/1/18 18:30,0.33,29.28,30.45,33.19
7/1/18 18:00,0.34,29.32,31.19,33.83
7/1/18 17:30,0.33,29.17,31.08,33.19
7/1/18 17:00,0.31,27.5,28.53,36.14
7/1/18 16:30,0.35,38.19,40.81,25.68
7/1/18 16:00,0.4,43.78,47.66,20.74
7/1/18 15:30,0.37,40.93,44.37,24.43
7/1/18 15:00,0.33,31.61,36.03,36.86
7/1/18 14:30,0.28,18.61,22.28,49.87
7/1/18 14:00,0.29,20.58,25.55,47.42
7/1/18 13:30,0.34,23.5,31.29,45.4
7/1/18 13:00,0.34,19.76,27.25,48.22
7/1/18 12:30,0.35,21.4,29.99,46.16
7/1/18 12:00,0.36,24.4,35.29,43.01
7/1/18 11:30,0.38,24.35,36.24,39.2
7/1/18 11:00,0.44,30.6,47.28,31.05
7/1/18 10:30,0.38,30.91,46.01,29.08
7/1/18 10:00,0.3,21.67,28.74,38.68
7/1/18 9:30,0.24,15.19,17.88,45.88
7/1/18 9:00,0.23,13.9,15.34,50.19
7/1/18 8:30,0.22,11.8,12.97,51.39
7/1/18 8:00,0.22,10.98,11.38,52.19
7/1/18 7:30,0.2,9.62,9.96,55.08
7/1/18 7:00,0.19,9.28,10.6,55.76
7/1/18 6:30,0.19,6.77,6.92,57.04
7/1/18 5:30,0.21,7.06,8.43,55.62
7/1/18 5:00,0.2,6.01,6.87,56.94
7/1/18 4:30,0.2,6.9,7.92,56.7
7/1/18 4:00,0.19,6.85,8.11,58.59
7/1/18 3:30,0.2,6.1,7.55,57.96
7/1/18 3:00,0.21,7.94,8.84,
7/1/18 2:30,0.23,8.4,9.54,53.25
7/1/18 2:00,0.22,7.15,8.55,54.26
7/1/18 1:30,0.22,7.86,8.55,53.19
7/1/18 1:00,0.22,8.8,10.17,52.69
7/1/18 0:30,0.23,8.61,10.29,52.55
7/1/18 0:00,0.23,9.03,9.93,52.87
6/1/18 23:30,0.23,10.61,11.7,50.17
6/1/18 23:00,0.2,7.04,8.34,58
6/1/18 22:30,0.19,4.69,5.6,62.66
6/1/18 22:00,0.19,5.58,6.69,61.41
6/1/18 21:30,0.2,5.16,7.32,58.49
6/1/18 21:00,0.2,4.04,5.01,57.52
6/1/18 20:30,0.21,4.72,5.57,55.08
6/1/18 20:00,0.21,5.32,6.79,53.72
6/1/18 19:30,0.21,7.21,8.24,52.15
6/1/18 19:00,0.23,8.7,9.66,45.52
6/1/18 18:30,0.26,9.96,11.65,34.35
6/1/18 18:00,0.28,10.29,11.72,30.02
6/1/18 17:30,0.27,11.28,12.53,27.08
6/1/18 17:00,0.28,11.63,14.25,21.59
6/1/18 16:30,0.31,14.04,16.37,16.24
6/1/18 16:00,0.3,16.14,18.93,15.15
6/1/18 15:30,0.27,12.97,15.89,18.68
6/1/18 15:00,0.27,11.15,14.48,19.46
6/1/18 14:30,0.29,12.81,16.05,19.4
6/1/18 14:00,0.34,15.03,21.15,16.62
6/1/18 13:30,0.36,14.99,22.49,15.67
6/1/18 13:00,0.37,15.51,26.51,14.47
6/1/18 12:30,0.41,18.84,34.1,11.75
6/1/18 12:00,0.38,18.07,28.42,13.27
6/1/18 11:30,0.36,20.22,30.7,12.19
6/1/18 11:00,0.33,18.51,26.14,15.95
6/1/18 10:30,0.31,15.61,20.69,18.16
6/1/18 10:00,0.31,17.84,20.87,13.39
6/1/18 9:30,0.31,17.86,20.43,14.73
6/1/18 9:00,0.33,20.18,24.46,11.56
6/1/18 8:30,0.34,21.27,25.49,6.81
6/1/18 8:00,0.34,22.76,25.76,5.63
6/1/18 7:30,0.3,18.76,20.48,10.68
6/1/18 7:00,0.3,14.99,16.5,15.47
6/1/18 6:30,0.29,14.19,15.36,18.34
6/1/18 6:00,0.3,13.27,15.17,17.52
6/1/18 5:30,0.3,12.87,13.92,16.76
6/1/18 4:30,0.26,14.34,15.68,17.8
6/1/18 4:00,0.26,14.25,15.4,17.68
6/1/18 3:30,0.26,14.59,14.75,17.8
6/1/18 3:00,0.26,13.62,14.54,19.14
6/1/18 2:30,0.26,11.4,11.76,20.93
6/1/18 2:00,0.27,12.03,12.2,
6/1/18 1:30,0.26,11.48,11.7,24.13
6/1/18 1:00,0.26,11.82,12.76,22.59
6/1/18 0:30,0.26,11.48,11.48,25.37
6/1/18 0:00,0.27,13.43,14.17,23.39
5/1/18 23:30,0.27,14.61,15.09,21.35
5/1/18 23:00,0.26,12.41,12.2,25.37
5/1/18 22:30,0.27,14.23,14.69,25.29
5/1/18 22:00,0.27,11.44,11.61,28.48
5/1/18 21:30,0.26,13.66,14.29,27.82
5/1/18 21:00,0.27,13.33,14.61,28.06
5/1/18 20:30,0.26,13.18,13.43,28.64
5/1/18 20:00,0.27,18.72,19.05,25.66
5/1/18 19:30,0.28,20.41,21.76,24.77
5/1/18 19:00,0.27,16.79,18.11,28.24
5/1/18 18:30,0.27,18.7,19.58,24.17
5/1/18 18:00,0.26,14.67,15.84,27.78
5/1/18 17:30,0.26,17.61,18.28,32.75
5/1/18 17:00,0.23,16.66,16.79,36.98
5/1/18 16:30,0.27,23.2,25.05,27.76
5/1/18 16:00,0.27,25.03,27.41,24.49
5/1/18 15:30,0.28,31.67,34.86,21.19
5/1/18 15:00,0.27,25.4,28.44,28.58
5/1/18 14:30,0.26,25.67,29.89,27.46
5/1/18 14:00,0.24,20.94,25.68,32.15
5/1/18 13:30,0.23,19.93,26.18,32.87
5/1/18 13:00,0.26,23.52,31.08,28.48
5/1/18 12:30,0.21,20.33,24.86,35.2
5/1/18 12:00,0.19,16.96,21.02,40.09
5/1/18 11:30,0.19,19.68,25.3,39.38
5/1/18 11:00,0.17,16.29,19.16,46.8
5/1/18 10:30,0.17,15.43,18.9,49.11
5/1/18 10:00,0.17,20.73,25.57,40.11
5/1/18 9:30,0.21,24.15,28.8,32.73
5/1/18 9:00,0.19,15.68,18.59,41.05
5/1/18 8:30,0.2,14.46,17.4,42.55
5/1/18 8:00,0.19,15.22,16.73,42.07
5/1/18 7:30,0.19,21.76,24.52,35.64
5/1/18 7:00,0.17,19.34,22.62,38.12
5/1/18 6:30,0.17,16.39,17.73,42.25
5/1/18 6:00,0.17,22.4,23.64,36.66
5/1/18 5:30,0.16,9.66,9.95,51.85
5/1/18 5:00,0.16,7.4,7.36,53.86
5/1/18 4:30,0.16,5.32,5.34,54.16
5/1/18 3:30,0.17,9.43,10,46.88
5/1/18 3:00,0.17,5.85,6.62,52.75
5/1/18 2:30,0.16,4.49,5.58,55.84
5/1/18 2:00,0.17,8.05,9.1,51.09
5/1/18 1:30,0.17,5.64,6.01,53.38
5/1/18 0:30,0.19,9.79,11.02,47.26
5/1/18 0:00,0.21,15.95,16.75,39.87
4/1/18 23:30,0.2,18.53,19.87,38.04
4/1/18 23:00,0.21,11.9,13.16,44.48
4/1/18 22:30,0.21,8.43,8.97,47.62
4/1/18 22:00,0.21,9.73,10.44,46.7
4/1/18 21:30,0.21,10.31,11.4,45.6
4/1/18 21:00,0.21,10.75,11.51,44.84
4/1/18 20:30,0.22,11.97,12.91,44.24
4/1/18 20:00,0.23,11.76,13.23,44.05
4/1/18 19:30,0.22,11.49,12.34,43.07
4/1/18 19:00,0.22,15.8,16.45,39.36
4/1/18 18:30,0.26,22.91,24.42,31.85
4/1/18 18:00,0.27,25.23,26.39,30.1
4/1/18 17:30,0.26,25.21,27,31.51
4/1/18 17:00,0.23,22.13,24.15,34.41
4/1/18 16:30,0.23,21.08,22.43,34.71
4/1/18 16:00,0.26,22.26,24.02,34.69
4/1/18 15:00,0.22,,,39.28
4/1/18 14:30,0.22,,,39.26
4/1/18 14:00,0.22,,,39.47
4/1/18 13:30,0.2,,,39.24
4/1/18 13:00,0.22,,,
4/1/18 12:30,0.2,,,
4/1/18 12:00,0.21,19.13,22.8,
4/1/18 11:30,0.24,26.49,32.3,26.54
4/1/18 11:00,0.23,,,22.69
4/1/18 10:30,0.24,,,20.02
4/1/18 10:00,0.23,,,24.87
4/1/18 9:30,0.23,22.05,29.64,22.79
4/1/18 9:00,0.23,20.2,27.5,24.77
4/1/18 8:30,0.23,22.26,27.33,22.25
4/1/18 8:00,0.26,20.56,26.32,22.85
4/1/18 7:30,0.24,18.82,22.15,23.83
4/1/18 7:00,0.26,26.14,29.97,20.8
4/1/18 6:30,0.26,29.18,31.77,24.59
4/1/18 6:00,0.24,20.08,20.48,37.36
4/1/18 5:30,0.24,16.93,17.38,42.05
4/1/18 5:00,0.24,17.73,18.86,41.19
4/1/18 4:30,0.23,18.86,19.3,38.5
4/1/18 3:30,0.2,10.9,11.21,51.19
4/1/18 3:00,0.19,9.12,9.58,52.73
4/1/18 2:30,0.19,9.03,9.16,55.72
4/1/18 2:00,0.2,9.12,9.72,58.65
4/1/18 1:30,0.21,9.22,10,56.56
4/1/18 1:00,0.24,13.33,13.39,
4/1/18 0:30,0.27,17.9,17.67,50.99
4/1/18 0:00,0.24,19.99,20.58,50.57
3/1/18 23:30,0.24,16.26,16.5,54.58
3/1/18 23:00,0.23,15.43,15.17,58.57
3/1/18 22:30,0.24,22.3,23.05,52.23
3/1/18 22:00,0.21,11.51,11.78,64
3/1/18 21:30,0.2,9.75,10.23,65.62
3/1/18 21:00,0.21,17.81,18.86,51.33
3/1/18 20:30,0.21,15.68,16.03,54.44
3/1/18 20:00,0.21,16.75,16.77,55.38
3/1/18 19:30,0.19,14.57,15.17,59.67
3/1/18 19:00,0.21,15.22,16.2,59.31
3/1/18 18:30,0.24,20.12,20.46,54.28
3/1/18 18:00,0.22,17.52,18.57,56.54
3/1/18 17:30,0.24,21.08,21.9,52.27
3/1/18 17:00,0.22,16.87,16.87,57.82
3/1/18 16:30,0.22,16.87,17.71,57.44
3/1/18 16:00,0.24,20.14,20.69,47.98
3/1/18 15:30,0.23,24.75,26.22,39.71
3/1/18 15:00,0.24,28,32.07,34.73
3/1/18 14:30,0.24,25.38,28.5,35.58
3/1/18 14:00,0.22,18.46,19.49,42.57
3/1/18 13:30,0.24,26.09,31.27,33.05
3/1/18 13:00,0.22,19.22,22.26,35.06
3/1/18 12:30,0.21,13.31,16.39,41.45
3/1/18 12:00,0.22,13.5,16.52,42.39
3/1/18 11:30,0.21,11.44,14.11,42.75
3/1/18 11:00,0.21,11.46,13.83,42.69
3/1/18 10:30,0.22,11.8,14.63,43.19
3/1/18 10:00,0.21,10.73,14.11,42.99
3/1/18 9:30,0.21,12.11,14.1,43.27
3/1/18 9:00,0.2,11.84,14.29,45.42
3/1/18 8:30,0.21,10.63,14.11,45.94
3/1/18 8:00,0.21,10.38,12.93,49.11
3/1/18 7:30,0.21,10.17,12.28,51.39
3/1/18 7:00,0.19,7.75,9.47,55.64
3/1/18 6:30,0.19,8.07,8.97,54.02
3/1/18 5:30,0.2,6.2,7.02,52.79
3/1/18 5:00,0.19,5.93,6.12,51.41
3/1/18 4:30,0.19,5.3,6.35,50.41
3/1/18 4:00,0.19,4.07,4.76,51.51
3/1/18 3:30,0.19,3.94,3.61,53.48
3/1/18 3:00,0.17,5.32,5.66,
3/1/18 2:30,0.19,5.07,6.01,53.03
3/1/18 2:00,0.19,5.58,5.18,50.49
3/1/18 1:30,0.19,9.33,9.73,49.07
3/1/18 1:00,0.19,5.97,6.45,55.44
3/1/18 0:30,0.17,4.72,4.82,56.94
3/1/18 0:00,0.17,4.76,5.03,59.71
2/1/18 23:30,0.19,5.36,6.46,60.75
2/1/18 23:00,0.19,6.27,7.32,60.29
2/1/18 22:30,0.2,7.44,8.2,58.93
2/1/18 22:00,0.19,8.8,10.25,58.69
2/1/18 21:30,0.21,8.99,9.79,58.23
2/1/18 21:00,0.2,11.09,11.9,54.88
2/1/18 20:30,0.22,10.82,12.32,54.34
2/1/18 20:00,0.22,12.18,12.81,51.95
2/1/18 19:30,0.22,14.25,14.82,50.89
2/1/18 19:00,0.23,15.84,17.31,47.62
2/1/18 18:30,0.27,19.85,21.08,39.59
2/1/18 18:00,0.26,22.57,23.2,36.92
2/1/18 17:30,0.26,23.47,24.69,38.56
2/1/18 17:00,0.26,23.26,24.59,39.28
2/1/18 16:30,0.24,24.42,25.21,40.69
2/1/18 16:00,0.27,31.73,34.06,35.7
2/1/18 15:30,0.26,31.94,34.6,35.96
2/1/18 15:00,0.23,21.76,24.02,47
2/1/18 14:30,0.23,20.12,23.43,48.1
2/1/18 14:00,0.21,16.39,19.97,51.79
2/1/18 13:30,0.21,17.21,21.23,49.45
2/1/18 13:00,0.21,19.81,24.5,45.82
2/1/18 12:30,0.21,20.2,26.32,45.44
2/1/18 12:00,0.22,20.83,26.72,45.66
2/1/18 11:30,0.21,20.37,25.17,46.74
2/1/18 11:00,0.22,23.93,31.8,41.01
2/1/18 10:30,0.23,22.47,28.48,42.09
2/1/18 10:00,0.21,20.6,23.73,43.95
2/1/18 9:30,0.22,22.66,26.93,39.55
2/1/18 9:00,0.22,25.23,28.65,35.44
2/1/18 8:30,0.23,29.13,31.33,30.61
2/1/18 8:00,0.24,27.2,29.15,32.63
2/1/18 7:30,0.22,24.69,26.87,34.29
2/1/18 7:00,0.21,20,21.17,38.96
2/1/18 6:30,0.21,18.21,19.24,42.53
2/1/18 6:00,0.19,14.23,15.68,47.64
2/1/18 5:30,0.19,7.36,8.45,55.16
2/1/18 4:30,0.2,6.06,6.45,58.45
2/1/18 4:00,0.21,4.46,4.82,60.27
2/1/18 3:30,0.2,4.11,4.28,62.35
2/1/18 3:00,0.19,3.77,4.48,64.2
2/1/18 2:30,0.19,2.77,3.39,63.54
2/1/18 2:00,0.19,3.79,3.69,
2/1/18 1:30,0.19,3.98,4.42,65.52
2/1/18 1:00,0.19,2.58,2.83,66.94
2/1/18 0:30,0.19,2.93,2.85,68.39
2/1/18 0:00,0.19,3.04,3.27,70.09
1/1/18 23:30,0.19,2.77,3.73,70.83
1/1/18 23:00,0.2,3.31,3.37,69.95
1/1/18 22:30,0.19,4.55,4.7,67.85
1/1/18 22:00,0.21,4.88,5.41,67.55
1/1/18 21:30,0.2,4.74,4.93,67.61
1/1/18 21:00,0.2,4.76,4.78,68.97
1/1/18 20:30,0.19,5.11,5.57,68.55
1/1/18 20:00,0.19,4.74,5.2,68.75
1/1/18 19:30,0.2,5.03,5.01,68.41
1/1/18 19:00,0.2,6.43,7.11,68.49
1/1/18 18:30,0.21,5.76,6.56,68.07
1/1/18 18:00,0.2,6.33,5.93,67.71
1/1/18 17:30,0.2,6.54,6.85,68.81
1/1/18 17:00,0.21,5.47,6.22,68.79
1/1/18 16:30,0.19,5.14,5.66,70.39
1/1/18 16:00,0.19,5.3,6.01,71.13
1/1/18 15:30,0.19,3.86,4.19,71.67
1/1/18 15:00,0.2,4.48,4.93,72.88
1/1/18 14:30,0.19,3.63,4.11,74.14
1/1/18 14:00,0.19,3.23,3.44,76.77
1/1/18 13:30,0.19,3.02,3.31,78.17
1/1/18 13:00,0.17,1.42,1.66,80.39
1/1/18 12:30,0.19,2.66,2.72,79.01
1/1/18 12:00,0.17,3.84,4.09,78.71
1/1/18 11:30,0.17,2.41,2.85,79.83
1/1/18 11:00,0.19,2.45,2.16,79.63
1/1/18 10:30,0.17,3.27,3.71,79.81
1/1/18 10:00,0.19,2.33,2.54,78.61
1/1/18 9:30,0.19,2.75,2.58,76.83
1/1/18 9:00,0.19,3.83,3.77,75
1/1/18 8:30,0.17,3.58,4,76.26
1/1/18 8:00,0.19,2.54,3.1,77.93
1/1/18 7:30,0.16,3.04,2.73,77.91
1/1/18 7:00,0.19,3.75,4.05,78.07
1/1/18 6:30,0.17,3.1,3.39,77.07
1/1/18 6:00,0.22,7.34,7.67,72.32
1/1/18 5:30,0.19,4.48,4.4,73.72
1/1/18 5:00,0.19,4.57,4.92,70.23
1/1/18 4:30,0.19,4.26,4.28,64.1
1/1/18 3:30,0.16,6.25,6.79,59.85
1/1/18 3:00,0.19,9.93,10.44,54.48
1/1/18 2:30,0.19,16.08,16.52,48.64
1/1/18 2:00,0.2,12.03,12.58,53.27
1/1/18 1:30,0.2,11.44,11.63,53.33
1/1/18 1:00,0.21,18.09,18.38,
1/1/18 0:30,0.23,35.88,38.71,27.34
1/1/18 0:00,0.2,16.05,18.17,49.29
31-12-2017 23:30 ,0.21,10.19,11.32,56.6
31-12-2017 23:00 ,0.19,12.62,13.85,54.92
31-12-2017 22:30 ,0.2,11.57,13.45,55.9
31-12-2017 22:00 ,0.17,8.64,9.64,58.07
31-12-2017 21:30 ,0.17,10.56,11.94,57
31-12-2017 21:00 ,0.19,10.25,12.42,56.26
31-12-2017 20:30 ,0.2,9.98,11.55,54.38
31-12-2017 20:00 ,0.2,9.96,11.31,55.5
31-12-2017 19:30 ,0.21,12.09,14.06,52.75
31-12-2017 19:00 ,0.23,13.23,15.05,50.93
31-12-2017 18:30 ,0.21,13.41,14.49,48.95
31-12-2017 18:00 ,0.21,11.86,13.79,49.63
31-12-2017 17:30 ,0.21,9.58,10.83,50.55
31-12-2017 17:00 ,0.19,9.47,10.8,53.03
31-12-2017 16:30 ,0.19,12.03,14.24,54.58
31-12-2017 16:00 ,0.19,8.8,10.82,61.35
31-12-2017 15:30 ,0.17,13.18,15.55,55.76
31-12-2017 15:00 ,0.17,10.96,13.77,57.38
31-12-2017 14:30 ,0.2,10.71,12.81,55.38
31-12-2017 14:00 ,0.19,11.84,14.31,52.51
31-12-2017 13:30 ,0.2,11.78,14.58,52.65
31-12-2017 13:00 ,0.19,16.89,20.02,44.98
31-12-2017 12:30 ,0.2,15.91,19.49,48.22
31-12-2017 12:00 ,0.2,12.24,15.27,50.05
31-12-2017 11:30 ,0.2,10.58,13.56,52.45
31-12-2017 11:00 ,0.21,12.49,15.25,49.93
31-12-2017 10:30 ,0.21,13.75,16.81,49.13
31-12-2017 10:00 ,0.21,10.86,13.78,51.41
31-12-2017 09:30 ,0.2,10,12.37,54.32
31-12-2017 09:00 ,0.19,9.98,12.82,55.28
31-12-2017 08:30 ,0.16,4.86,6.88,62.05
31-12-2017 08:00 ,0.17,5.55,6.88,64.24
31-12-2017 07:30 ,0.17,8.01,9.49,61.39
31-12-2017 07:00 ,0.19,9.1,10.41,52.97
31-12-2017 06:30 ,0.2,9.1,10.43,48.64
31-12-2017 05:30 ,0.21,4.76,5.52,54.7
31-12-2017 05:00 ,0.21,5.43,5.38,54.16
31-12-2017 04:30 ,0.21,5.32,6.23,55.22
31-12-2017 04:00 ,0.21,4.34,5.06,53.76
31-12-2017 03:30 ,0.22,6.39,6.64,48.73
31-12-2017 03:00 ,0.22,7.57,8.49,
31-12-2017 02:30 ,0.23,7.92,8.48,41.09
31-12-2017 02:00 ,0.24,9.77,10.3,39.12
31-12-2017 01:30 ,0.27,11.91,12.94,36.94
31-12-2017 01:00 ,0.26,10.38,11.13,38.82
31-12-2017 00:30 ,0.23,8.63,8.8,41.99
31-12-2017 00:00 ,0.23,12.2,13.26,40.95
30-12-2017 23:30 ,0.22,11.67,12.55,40.65
30-12-2017 23:00 ,0.23,12.39,12.95,39.51
30-12-2017 22:30 ,0.23,11.38,11.98,40.25
30-12-2017 22:00 ,0.22,9.91,10.64,43.95
30-12-2017 21:30 ,0.2,9.29,10.2,50.25
30-12-2017 21:00 ,0.19,7.25,7.67,57.66
30-12-2017 20:30 ,0.19,6.94,7.98,58.85
30-12-2017 20:00 ,0.2,7.29,7.86,54.96
30-12-2017 19:30 ,0.2,9.58,10.22,64.86
30-12-2017 19:00 ,0.2,10.58,11.74,62.61
30-12-2017 18:30 ,0.21,10.48,11.79,54.14
30-12-2017 18:00 ,0.22,14.11,15.56,42.47
30-12-2017 17:30 ,0.22,15.34,17.29,39.85
30-12-2017 17:00 ,0.24,13.16,14.71,41.01
30-12-2017 16:30 ,0.22,16.72,17.97,38.38
30-12-2017 16:00 ,0.24,19.53,22.39,35.16
30-12-2017 15:30 ,0.24,20.43,22.94,31.89
30-12-2017 15:00 ,0.22,16.39,18.09,39.73
30-12-2017 14:30 ,0.22,11.63,13.2,46.06
30-12-2017 14:00 ,0.23,10.54,11.86,45.1
30-12-2017 13:30 ,0.23,13.71,15.48,41.31
30-12-2017 13:00 ,0.22,12.7,14.74,41.11
30-12-2017 12:30 ,0.22,11.69,12.98,40.77
30-12-2017 12:00 ,0.23,15.97,18.02,36.12
30-12-2017 11:30 ,0.23,18.34,21.98,32.41
30-12-2017 11:00 ,0.22,15.59,18.52,33.77
30-12-2017 10:30 ,0.23,14,16.64,35.38
30-12-2017 10:00 ,0.22,11.74,14.14,36.14
30-12-2017 09:30 ,0.21,10.29,12.31,36.1
30-12-2017 09:00 ,0.22,9.79,11.11,39.02
30-12-2017 08:30 ,0.21,10.02,11.71,39.49
30-12-2017 08:00 ,0.21,8.63,9.8,39.67
30-12-2017 07:30 ,0.2,10.12,10.96,39.81
30-12-2017 07:00 ,0.21,10.33,11.41,40.03
30-12-2017 06:30 ,0.21,8.61,9.86,41.41
30-12-2017 06:00 ,0.19,9.1,9.45,42.19
30-12-2017 05:30 ,0.19,8.03,8.66,44.34
30-12-2017 04:30 ,0.21,7.54,7.57,46.56
30-12-2017 04:00 ,0.21,7.63,8.03,49.09
30-12-2017 03:30 ,0.21,6.48,7.14,51.03
30-12-2017 03:00 ,0.21,8.03,7.88,50.09
30-12-2017 02:30 ,0.22,9.2,10.01,52.05
30-12-2017 02:00 ,0.23,10.67,11.67,
30-12-2017 01:30 ,0.24,14.27,14.62,43.13
30-12-2017 01:00 ,,,,48
30-12-2017 00:30 ,0.22,8.93,9.85,50.17
30-12-2017 00:00 ,0.23,9.89,10.26,47.76
29-12-2017 23:30 ,0.24,13.77,14.12,41.61
29-12-2017 23:00 ,0.24,13.75,14.41,40.23
29-12-2017 22:30 ,0.26,12.87,13.11,39.63
29-12-2017 22:00 ,0.24,13.52,13.59,41.73
29-12-2017 21:30 ,0.22,9.96,10.91,51.15
29-12-2017 21:00 ,0.24,10.54,10.77,48.68
29-12-2017 20:30 ,0.22,10.9,10.98,49.01
29-12-2017 20:00 ,0.27,16.12,16.64,43.45
29-12-2017 19:30 ,0.27,14.25,14.8,46.14
29-12-2017 19:00 ,0.23,14.55,14.53,47.32
29-12-2017 18:30 ,0.23,14.76,15.39,48.46
29-12-2017 18:00 ,0.23,12.43,13.1,53.98
29-12-2017 17:30 ,0.22,11.53,11.34,61.07
29-12-2017 17:00 ,0.22,13.35,13.86,63.92
29-12-2017 16:30 ,0.24,15.8,16.63,59.55
29-12-2017 16:00 ,0.22,14.31,14.73,60.29
29-12-2017 15:30 ,0.23,15.15,15.89,59.09
29-12-2017 15:00 ,0.21,15.11,16.5,57.44
29-12-2017 14:30 ,0.23,14.48,14.83,57.74
29-12-2017 14:00 ,0.22,12.74,14.42,61.11
29-12-2017 13:30 ,0.22,11.49,13.53,60.61
29-12-2017 13:00 ,0.21,10.86,12.59,61.21
29-12-2017 12:30 ,0.22,11.84,14.39,59.93
29-12-2017 12:00 ,0.22,10.38,12.8,59.19
29-12-2017 11:30 ,0.22,9.91,12.1,58.53
29-12-2017 11:00 ,0.21,11.88,14.04,54.78
29-12-2017 10:30 ,0.22,10.75,12.89,53.21
29-12-2017 10:00 ,0.22,10.88,12.11,51.81
29-12-2017 09:30 ,0.21,12.91,13.7,50.43
29-12-2017 09:00 ,0.21,13.73,14.85,49.19
29-12-2017 08:30 ,0.21,14.36,14.37,49.05
29-12-2017 08:00 ,0.2,13.9,14.32,51.89
29-12-2017 07:30 ,0.21,10.86,11.77,54.04
29-12-2017 07:00 ,0.2,8.36,8.08,57.54
29-12-2017 06:30 ,0.19,7.76,7.82,59.79
29-12-2017 06:00 ,0.2,5.53,5.8,63.14
29-12-2017 05:30 ,0.17,3.54,3.08,65.76
29-12-2017 05:00 ,0.2,3.75,3.65,67.87
29-12-2017 04:30 ,0.19,2.87,3.03,68.77
29-12-2017 03:30 ,0.16,2.16,3.72,68.13
29-12-2017 03:00 ,0.15,2.33,4,67.65
29-12-2017 02:30 ,0.15,1.4,2.77,67.53
29-12-2017 02:00 ,0.17,1.66,2.82,67.69
29-12-2017 01:30 ,0.15,1.95,3.75,66.4
29-12-2017 01:00 ,0.17,2.07,3.7,
29-12-2017 00:30 ,0.17,3.29,4.16,63.6
28-12-2017 23:30 ,0.17,2.56,3.89,64.54
28-12-2017 23:00 ,0.17,3.42,4.41,65.24
28-12-2017 22:30 ,0.17,4.36,6.14,65.84
28-12-2017 22:00 ,0.2,4.88,6.44,64.06
28-12-2017 21:30 ,0.2,6.81,8.12,59.97
28-12-2017 21:00 ,0.2,7.67,9.51,59.51
28-12-2017 20:30 ,0.21,8.49,10.25,56.72
28-12-2017 20:00 ,0.21,10.29,11.19,54.58
28-12-2017 19:30 ,0.23,13.41,15.14,51.07
28-12-2017 19:00 ,0.24,16.45,18.32,45.72
28-12-2017 18:30 ,0.24,18.25,19.54,42.97
28-12-2017 18:00 ,0.24,21.21,23.27,40.47
28-12-2017 17:30 ,0.27,27.25,29.61,32.81
28-12-2017 17:00 ,0.29,33.53,35.57,26.06
28-12-2017 16:30 ,0.27,38.52,41.42,22.23
28-12-2017 16:00 ,0.26,28.21,30.97,30.65
28-12-2017 15:30 ,0.26,25.47,27.53,33.99
28-12-2017 15:00 ,0.24,25.68,28.92,35.8
28-12-2017 14:30 ,0.23,20.56,23.88,40.53
28-12-2017 14:00 ,0.23,17.1,20.44,42.49
28-12-2017 13:30 ,0.21,15.85,19.84,40.53
28-12-2017 13:00 ,0.23,14.48,18.87,38.52
28-12-2017 12:30 ,0.26,16.93,22.62,30.04
28-12-2017 12:00 ,0.29,23.06,30.7,15.17
28-12-2017 11:30 ,0.29,21.32,28.49,15.29
28-12-2017 11:00 ,0.29,20.87,26,16.52
28-12-2017 10:30 ,0.27,21.63,27.86,15.13
28-12-2017 10:00 ,0.27,16.75,21.02,18.96
28-12-2017 09:30 ,0.26,16.93,20.25,19.7
28-12-2017 09:00 ,0.23,17.71,21.27,19.52
28-12-2017 08:30 ,0.24,18.95,22.23,17.6
28-12-2017 08:00 ,0.23,22.95,27.15,15.13
28-12-2017 07:30 ,0.24,21.73,25.42,16.48
28-12-2017 07:00 ,0.23,18.47,21,20.52
28-12-2017 06:30 ,0.24,14.46,16.43,26.02
28-12-2017 06:00 ,0.22,12.58,14.03,28.36
28-12-2017 05:30 ,0.23,12.24,13.91,28.48
28-12-2017 04:30 ,0.23,9.51,9.63,33.61
28-12-2017 04:00 ,0.24,10.48,9.65,32.71
28-12-2017 03:30 ,0.23,11.57,11.51,32.37
28-12-2017 03:00 ,0.23,10.63,11.01,32.99
28-12-2017 02:30 ,0.24,11.38,10.88,33.79
28-12-2017 02:00 ,0.22,12.11,11.86,
28-12-2017 01:30 ,0.23,9.12,9.42,37.48
28-12-2017 01:00 ,0.23,9.45,8.57,38.24
28-12-2017 00:30 ,0.24,12.99,12.79,34.73
28-12-2017 00:00 ,0.28,12.6,13.08,31.45
27-12-2017 23:30 ,0.27,14.44,14.59,30.69
27-12-2017 23:00 ,0.29,14.99,15.26,32.31
27-12-2017 22:30 ,0.28,14.96,15.76,32.07
27-12-2017 22:00 ,0.27,13.83,13.91,35.18
27-12-2017 21:30 ,0.28,15.89,16.67,35.42
27-12-2017 21:00 ,0.24,16.22,17.4,35.68
27-12-2017 20:30 ,0.26,13.54,13.8,39.65
27-12-2017 20:00 ,0.24,15.82,16.36,39.28
27-12-2017 19:30 ,0.26,15.84,16.87,37.8
27-12-2017 19:00 ,0.27,16.08,16.26,38.62
27-12-2017 18:30 ,0.23,15.17,15.33,45.2
27-12-2017 18:00 ,0.23,14.55,15.75,44.72
27-12-2017 17:30 ,0.24,17.9,18.34,41.51
27-12-2017 17:00 ,0.22,20.41,21.32,40.55
27-12-2017 16:30 ,0.22,15.53,16.85,46.18
27-12-2017 16:00 ,0.23,19.45,19.94,43.73
27-12-2017 15:30 ,0.22,18.32,19.61,46.18
27-12-2017 15:00 ,0.22,16.24,17.68,47.14
27-12-2017 14:30 ,0.21,18.15,20.15,43.55
27-12-2017 14:00 ,0.21,18.13,20.34,43.65
27-12-2017 13:30 ,0.2,16.08,19.01,46.32
27-12-2017 13:00 ,0.2,12.58,14.83,49.33
27-12-2017 12:30 ,0.2,13.18,15.69,49.59
27-12-2017 12:00 ,0.23,14.04,17.54,48.04
27-12-2017 11:30 ,0.22,15.76,19.43,44.9
27-12-2017 11:00 ,0.22,19.24,23.68,41.61
27-12-2017 10:30 ,0.22,19.56,23.65,40.53
27-12-2017 10:00 ,0.21,18.36,21.16,42.21
27-12-2017 09:30 ,0.22,21,24.39,38.98
27-12-2017 09:00 ,0.21,18.4,20.72,41.37
27-12-2017 08:30 ,0.2,13.52,13.15,46.62
27-12-2017 08:00 ,0.21,15.72,15.83,45.64
27-12-2017 07:30 ,0.21,13.48,13.5,45.46
27-12-2017 07:00 ,0.21,12.32,11.98,47.26
27-12-2017 06:30 ,0.22,10.67,10.73,50.11
27-12-2017 06:00 ,0.21,8.82,9.05,53.8
27-12-2017 05:30 ,0.19,6.83,6.52,57.46
27-12-2017 05:00 ,0.19,6.02,5.8,60.63
27-12-2017 04:30 ,0.19,4.26,3.81,61.71
27-12-2017 03:30 ,0.19,4.49,5.05,63.74
27-12-2017 03:00 ,0.19,4.26,5.26,62.27
27-12-2017 02:30 ,0.2,5.41,5.74,61.49
27-12-2017 02:00 ,,,,61.41
27-12-2017 01:30 ,0.19,3.67,4.8,63.86
27-12-2017 01:00 ,0.17,2.05,2.13,
27-12-2017 00:30 ,0.17,4.11,4.91,67.87
27-12-2017 00:00 ,0.19,3.5,4.36,67.2
26-12-2017 23:30 ,0.17,3.63,4.09,66.46
26-12-2017 23:00 ,0.19,4.17,4.73,67.77
26-12-2017 22:30 ,0.17,3.29,4.22,68.11
26-12-2017 22:00 ,0.17,3.14,3.65,69.49
26-12-2017 21:30 ,0.17,4.11,4.91,69.27
26-12-2017 21:00 ,0.17,3.88,5.11,69.73
26-12-2017 20:30 ,0.19,3.83,4.14,70.69
26-12-2017 20:00 ,0.17,4.95,5.44,70.79
26-12-2017 19:30 ,0.19,4.78,6.06,69.67
26-12-2017 19:00 ,0.21,6.31,6.77,66.94
26-12-2017 18:30 ,0.19,5.11,5.95,70.25
26-12-2017 18:00 ,0.19,4.17,5.43,70.09
26-12-2017 17:30 ,0.17,3.54,3.89,70.61
26-12-2017 17:00 ,0.17,3.86,4.61,72.38
26-12-2017 16:30 ,0.17,3.21,3.88,71.51
26-12-2017 16:00 ,0.17,2.87,3.44,71.63
26-12-2017 15:30 ,0.17,3.61,4,71.39
26-12-2017 15:00 ,0.16,3.75,4.93,70.91
26-12-2017 14:30 ,0.19,3.06,3.67,69.09
26-12-2017 14:00 ,0.19,5.64,6.18,57.58
26-12-2017 13:30 ,0.19,6.9,8.12,48.38
26-12-2017 13:00 ,0.2,7.84,8.93,44.34
26-12-2017 12:30 ,0.21,7.44,8.16,44.12
26-12-2017 12:00 ,0.21,6.69,7.87,44.5
26-12-2017 11:30 ,0.2,5.11,6.25,45.28
26-12-2017 11:00 ,0.19,6.01,6.9,45.54
26-12-2017 10:30 ,0.17,5.45,6.75,49.39
26-12-2017 10:00 ,0.17,3.73,4.99,53.5
26-12-2017 09:30 ,0.17,4,4.54,52.89
26-12-2017 09:00 ,0.17,4.7,5.73,50.43
26-12-2017 08:30 ,0.17,4.4,5.29,48.24
26-12-2017 08:00 ,0.17,5.68,5.92,46.22
26-12-2017 07:30 ,0.19,6.52,7.26,45.66
26-12-2017 07:00 ,0.17,5.13,6.18,45.86
26-12-2017 06:30 ,0.19,6.18,6.68,44.42
26-12-2017 05:30 ,0.14,3.39,4.66,48.66
26-12-2017 05:00 ,0.14,3.54,3.91,49.23
26-12-2017 04:30 ,0.14,4.78,5.43,51.03
26-12-2017 04:00 ,0.14,3.81,4.96,52.23
26-12-2017 03:30 ,0.14,3.35,4.19,51.49
26-12-2017 03:00 ,0.15,4,4.45,
26-12-2017 02:30 ,0.14,4.07,4.79,52.77
26-12-2017 02:00 ,0.13,2.81,3.75,54.16
26-12-2017 01:30 ,0.13,3.65,3.93,54.82
26-12-2017 01:00 ,0.13,3.6,4.87,57.54
26-12-2017 00:30 ,0.13,2.26,3.37,57.9
26-12-2017 00:00 ,0.13,3.1,3.76,56.72
25-12-2017 23:30 ,0.13,4,4.88,55.54
25-12-2017 23:00 ,0.13,3.61,4.72,55.58
25-12-2017 22:30 ,0.13,3.48,3.82,57.96
25-12-2017 22:00 ,0.14,4.69,5.69,58.41
25-12-2017 21:30 ,0.13,3.88,5.16,59.11
25-12-2017 21:00 ,0.14,3.94,4.34,58.85
25-12-2017 20:30 ,0.14,4.93,6.04,56.98
25-12-2017 20:00 ,0.14,5.01,6.12,56.98
25-12-2017 19:30 ,0.15,4.92,5.65,57.38
25-12-2017 19:00 ,0.14,5.58,6.42,57.32
25-12-2017 18:30 ,0.15,4.78,5.96,58.31
25-12-2017 18:00 ,0.14,5.11,5.79,58.99
25-12-2017 17:30 ,0.14,6.37,7.21,58.77
25-12-2017 17:00 ,0.13,5.39,6.64,60.45
25-12-2017 16:30 ,0.13,4.7,5.48,61.75
25-12-2017 16:00 ,0.13,5.53,6.53,62.78
25-12-2017 15:30 ,0.13,4.95,6.39,63.94
25-12-2017 15:00 ,0.13,5.16,5.63,63.74
25-12-2017 14:30 ,0.12,6.22,7.05,63.82
25-12-2017 14:00 ,0.13,5.14,6.42,64.5
25-12-2017 13:30 ,0.13,4.69,5.31,65.48
25-12-2017 13:00 ,0.12,5.58,6.2,64.16
25-12-2017 12:30 ,0.13,5.01,6.49,63.36
25-12-2017 12:00 ,0.12,4.42,5.13,63.38
25-12-2017 11:30 ,0.13,4.46,5.37,63.78
25-12-2017 11:00 ,0.13,3.37,4.64,64.26
25-12-2017 10:30 ,0.13,2.73,3.66,64.16
25-12-2017 10:00 ,0.13,3.67,4.44,64.54
25-12-2017 09:30 ,0.13,2.93,3.87,63.42
25-12-2017 09:00 ,0.12,2.6,3.3,61.27
25-12-2017 08:30 ,0.13,3.65,4.15,59.67
25-12-2017 08:00 ,0.13,3.04,4.31,59.71
25-12-2017 07:30 ,0.13,1.89,2.67,59.15
25-12-2017 07:00 ,0.13,2.64,3.41,57.92
25-12-2017 06:30 ,0.13,2.98,4.21,55.58
25-12-2017 06:00 ,0.13,1.38,2.11,56.84
25-12-2017 05:30 ,0.12,1.87,2.59,58.11
25-12-2017 04:30 ,0.15,1.4,2.32,59.27
25-12-2017 04:00 ,0.16,2.79,3.23,58.69
25-12-2017 03:30 ,0.15,2.91,4.19,59.43
25-12-2017 03:00 ,0.16,1.76,2.24,59.01
25-12-2017 02:30 ,0.15,3.27,3.61,57.96
25-12-2017 02:00 ,0.16,3.63,4.95,
25-12-2017 01:30 ,0.15,3.19,4.06,59.77
25-12-2017 01:00 ,0.16,5.7,6.59,57.82
25-12-2017 00:30 ,0.16,7.8,9.02,56.02
25-12-2017 00:00 ,0.16,7.92,9,56.56
24-12-2017 23:30 ,0.16,8.03,8.49,57.84
24-12-2017 23:00 ,0.15,4.93,5.66,61.81
24-12-2017 22:30 ,0.15,4.7,5.61,61.17
24-12-2017 22:00 ,0.15,3.27,3.5,63.26
24-12-2017 21:30 ,0.16,2.98,3.79,64.24
24-12-2017 21:00 ,0.15,2.2,2.95,63.12
24-12-2017 20:30 ,0.14,2.66,2.94,63.32
24-12-2017 20:00 ,0.15,2.96,3.64,63.6
24-12-2017 19:30 ,0.15,2.05,2.82,62.74
24-12-2017 19:00 ,0.15,2.43,2.69,62.33
24-12-2017 18:30 ,0.15,3.08,3.8,61.47
24-12-2017 18:00 ,0.16,2.66,3.68,60.53
24-12-2017 17:30 ,0.17,4.21,4.26,58.13
24-12-2017 17:00 ,0.17,4.97,5.8,58.02
24-12-2017 16:30 ,0.17,4.51,6.04,55.88
24-12-2017 16:00 ,0.17,5.81,6.47,53.72
24-12-2017 15:30 ,0.2,6.64,7.74,52.39
24-12-2017 15:00 ,0.2,7.04,8.59,49.53
24-12-2017 14:30 ,0.2,7.15,7.91,48.44
24-12-2017 14:00 ,0.2,8.53,10.1,45.78
24-12-2017 13:30 ,0.2,7.34,8.85,44.72
24-12-2017 13:00 ,0.19,7.4,8.07,47.68
24-12-2017 12:30 ,0.2,8.26,9.71,50.99
24-12-2017 12:00 ,0.19,5.03,5.65,55.94
24-12-2017 11:30 ,0.17,5.57,6.52,57.76
24-12-2017 11:00 ,0.16,4.09,5.49,63.44
24-12-2017 10:30 ,0.16,3.6,5.03,66.48
24-12-2017 10:00 ,0.16,5.47,6.36,64.58
24-12-2017 09:30 ,0.15,5.85,7.56,64.12
24-12-2017 09:00 ,0.16,4.69,5.27,66.14
24-12-2017 08:30 ,0.15,7.99,8.98,63.22
24-12-2017 08:00 ,0.15,4.78,5.74,66.98
24-12-2017 07:30 ,0.15,3.23,3.3,68.73
24-12-2017 07:00 ,0.14,4.4,5.08,68.13
24-12-2017 06:30 ,0.15,0.88,1.79,73.3
24-12-2017 06:00 ,0.14,0.36,0.68,72.88
24-12-2017 05:30 ,0.15,2.12,2.88,71.39
24-12-2017 05:00 ,0.15,1.17,2.35,72.34
24-12-2017 04:30 ,0.14,0.27,0.53,72.96
24-12-2017 03:30 ,0.14,2.05,2.09,72.38
24-12-2017 03:00 ,0.15,1.3,0.69,71.45
24-12-2017 02:30 ,0.15,4.65,4.17,65.44
24-12-2017 02:00 ,0.16,6.94,7.26,62.33
24-12-2017 01:30 ,0.15,5.13,5.06,63.24
24-12-2017 01:00 ,0.15,4.72,4.79,
24-12-2017 00:30 ,0.15,6.96,7.4,61.93
24-12-2017 00:00 ,0.15,6.69,6.59,61.41
23-12-2017 23:30 ,0.14,5.81,5.82,64.3
23-12-2017 23:00 ,0.15,5.16,5.79,65.58
23-12-2017 22:30 ,0.14,2.68,2.47,68.31
23-12-2017 22:00 ,0.15,3.79,3.43,68.31
23-12-2017 21:30 ,0.15,3.61,4.04,67.26
23-12-2017 21:00 ,0.15,3.58,3.51,65.72
23-12-2017 20:30 ,0.15,5.13,4.97,62.96
23-12-2017 20:00 ,0.16,3.23,3.4,64.7
23-12-2017 19:30 ,0.15,3.37,2.74,63.88
23-12-2017 19:00 ,0.15,4.34,4.39,62.7
23-12-2017 18:30 ,0.15,5.7,6.05,59.97
23-12-2017 18:00 ,0.16,8.84,8.91,55.68
23-12-2017 17:30 ,0.16,7.88,8.16,57.46
23-12-2017 17:00 ,0.16,8.41,8.96,55.48
23-12-2017 16:30 ,0.17,7.54,7.72,54.76
23-12-2017 16:00 ,0.16,9.89,10.6,50.55
23-12-2017 15:30 ,0.17,8.82,9.82,50.43
23-12-2017 15:00 ,0.17,10.04,10.39,49.21
23-12-2017 14:30 ,0.17,9.73,10.32,51.31
23-12-2017 14:00 ,0.17,7.75,8.96,53.5
23-12-2017 13:30 ,0.16,5.09,5.66,57.02
23-12-2017 13:00 ,0.19,5.72,6.12,58.15
23-12-2017 12:30 ,0.17,6.88,7.89,56.04
23-12-2017 12:00 ,0.19,7.94,9.14,54.58
23-12-2017 11:30 ,0.19,8.11,8.36,55.02
23-12-2017 11:00 ,0.17,6.73,7.97,57.76
23-12-2017 10:30 ,0.17,4.36,4.79,59.97
23-12-2017 10:00 ,0.16,4.46,5.01,60.35
23-12-2017 09:30 ,0.16,5.7,6.82,57.56
23-12-2017 09:00 ,0.16,6.85,6.89,53.62
23-12-2017 08:30 ,0.16,4.9,5.29,54.52
23-12-2017 08:00 ,0.17,5.95,6.7,50.03
23-12-2017 07:30 ,0.17,4.32,4.46,51.99
23-12-2017 07:00 ,0.16,4.93,4.78,55.96
23-12-2017 06:30 ,0.17,4.19,5.09,55.28
23-12-2017 05:30 ,0.2,2.91,3.31,56.54
23-12-2017 05:00 ,0.2,2.62,3.38,58.89
23-12-2017 04:30 ,0.19,1.68,2.09,62.82
23-12-2017 04:00 ,0.19,2.64,3.31,66
23-12-2017 03:30 ,0.19,3.08,4.22,67.33
23-12-2017 03:00 ,0.17,2.54,2.84,
23-12-2017 02:30 ,0.17,4.26,4.71,67.57
23-12-2017 02:00 ,0.2,4.63,5.67,65.88
23-12-2017 01:30 ,0.19,3.69,4.33,64.46
23-12-2017 01:00 ,0.19,6.14,7,60.87
23-12-2017 00:30 ,0.2,6.48,7.92,59.49
23-12-2017 00:00 ,0.2,6.01,6.6,60.39
22-12-2017 23:30 ,0.21,10.9,11.79,57
22-12-2017 23:00 ,0.23,11.61,13.08,57.28
22-12-2017 22:30 ,0.2,6.29,7.74,63.68
22-12-2017 22:00 ,0.2,9.03,9.65,61.65
22-12-2017 21:30 ,0.2,10.14,11.61,59.91
22-12-2017 21:00 ,0.22,8.26,9.42,59.21
22-12-2017 20:30 ,0.22,8.82,9.74,59.67
22-12-2017 20:00 ,0.23,12.53,13.98,56.34
22-12-2017 19:30 ,0.22,11.97,13.49,57.54
22-12-2017 19:00 ,0.23,13.23,14.26,57.34
22-12-2017 18:30 ,0.22,14.63,16.51,55.74
22-12-2017 18:00 ,0.22,13.39,14.67,55.82
22-12-2017 17:30 ,0.24,16.6,17.79,52.61
22-12-2017 17:00 ,0.24,19.45,21.35,50.21
22-12-2017 16:30 ,0.26,21.36,23.13,48.02
22-12-2017 16:00 ,0.24,22.64,23.92,47.58
22-12-2017 15:30 ,0.24,23.56,25.72,48.08
22-12-2017 15:00 ,0.22,17.33,19.79,54.56
22-12-2017 14:30 ,0.22,15.09,16.9,56.94
22-12-2017 14:00 ,0.21,16.26,18.66,57.02
22-12-2017 13:30 ,0.22,15.87,19.41,56.62
22-12-2017 13:00 ,0.22,16.18,19,56.38
22-12-2017 12:30 ,0.21,15.97,18.9,57.58
22-12-2017 12:00 ,0.22,13.41,16.25,59.15
22-12-2017 11:30 ,0.22,13.35,16.85,58.53
22-12-2017 11:00 ,0.23,16.79,20.69,55.92
22-12-2017 10:30 ,0.23,18.8,23.48,54.14
22-12-2017 10:00 ,0.23,21.06,26.07,50.83
22-12-2017 09:30 ,0.22,17.37,20.24,55.06
22-12-2017 09:00 ,0.2,17.31,19.63,56.12
22-12-2017 08:30 ,0.2,16.94,19.46,56.42
22-12-2017 08:00 ,0.2,15.61,16.86,59.71
22-12-2017 07:30 ,0.2,14.54,16.24,61.77
22-12-2017 07:00 ,0.21,14.23,15.85,59.79
22-12-2017 06:30 ,0.22,13.35,14,58.71
22-12-2017 06:00 ,0.2,8.26,9.43,64.62
22-12-2017 05:30 ,0.19,5.51,6.57,66.4
22-12-2017 04:30 ,0.15,5.55,6.65,66.64
22-12-2017 04:00 ,0.15,4.7,5.59,67.53
22-12-2017 03:30 ,0.15,4.86,5.25,68.75
22-12-2017 03:00 ,0.15,5.01,5.42,70.17
22-12-2017 02:30 ,0.13,4.63,5.31,70.55
22-12-2017 02:00 ,0.14,4.4,4.31,
22-12-2017 01:30 ,0.13,5.07,5.38,69.97
22-12-2017 01:00 ,0.14,4.48,5.06,68.15
22-12-2017 00:30 ,0.14,4.49,5.06,70.53
22-12-2017 00:00 ,0.15,4.63,5.32,70.61
21-12-2017 23:30 ,0.15,5.16,5.93,62.92
21-12-2017 23:00 ,0.16,7.17,7.21,59.83
21-12-2017 22:30 ,0.17,7.86,8.8,59.43
21-12-2017 22:00 ,0.19,8.26,9.32,58.37
21-12-2017 21:30 ,0.2,10.25,10.98,58.03
21-12-2017 21:00 ,0.22,9.73,10.66,60.17
21-12-2017 20:30 ,0.16,8.13,9.12,62.41
21-12-2017 20:00 ,0.17,8.97,9.75,62.53
21-12-2017 19:30 ,0.17,10.37,11.35,60.55
21-12-2017 19:00 ,0.17,8.91,9.75,61.59
21-12-2017 18:30 ,0.19,10.67,11.34,59.97
21-12-2017 18:00 ,0.19,12.76,13.9,59.41
21-12-2017 17:30 ,0.19,12.87,14.06,59.37
21-12-2017 17:00 ,0.17,14.69,15.51,57.54
21-12-2017 16:30 ,0.19,16.98,18.45,54.92
21-12-2017 16:00 ,0.21,21.02,22.74,50.11
21-12-2017 15:30 ,0.22,23.58,24.75,48.42
21-12-2017 15:00 ,0.21,25.25,27.65,47.34
21-12-2017 14:30 ,0.2,23.28,26.74,48.18
21-12-2017 14:00 ,0.21,25.63,30.05,45.52
21-12-2017 13:30 ,0.24,28.32,33.65,44.18
21-12-2017 13:00 ,0.23,25.67,30.99,48.3
21-12-2017 12:30 ,0.17,18.15,21.53,56.54
21-12-2017 12:00 ,0.19,17.06,21.66,57.9
21-12-2017 11:30 ,0.16,18.23,23.56,55.94
21-12-2017 11:00 ,0.19,20.22,26.48,53.25
21-12-2017 10:30 ,0.2,24.63,31.27,47.3
21-12-2017 10:00 ,0.2,26.32,32.68,43.81
21-12-2017 09:30 ,0.2,23.79,27.79,47.08
21-12-2017 09:00 ,0.2,26.81,30.05,44.82
21-12-2017 08:30 ,0.17,23.06,25.98,49.49
21-12-2017 08:00 ,0.19,22.85,24.22,49.59
21-12-2017 07:30 ,0.17,21.06,22.81,50.03
21-12-2017 07:00 ,0.15,15.34,16.91,54.52
21-12-2017 06:30 ,0.15,10.69,11.21,57.88
21-12-2017 06:00 ,0.14,7.86,9.24,58.09
21-12-2017 05:30 ,0.14,5.16,5.97,60.37
21-12-2017 05:00 ,0.13,5.03,5.21,59.45
21-12-2017 04:30 ,0.12,3.96,4.7,61.27
21-12-2017 03:30 ,0.14,2.83,3.86,58.47
21-12-2017 03:00 ,0.15,2.75,4.47,58.02
21-12-2017 02:30 ,0.16,2.43,3.57,55.18
21-12-2017 02:00 ,0.17,4.13,5.03,50.05
21-12-2017 01:30 ,0.19,4.84,6.02,43.67
21-12-2017 01:00 ,0.19,5.57,6.73,
21-12-2017 00:30 ,0.21,8.61,9.68,28.36
21-12-2017 00:00 ,0.21,10.31,11.91,25.33
20-12-2017 23:30 ,0.2,11.4,12.82,24.37
20-12-2017 23:00 ,0.2,11.25,12.71,26.7
20-12-2017 22:30 ,0.21,13.29,15.42,25.84
20-12-2017 22:00 ,0.22,13.04,15.17,26.24
20-12-2017 21:30 ,0.22,13.48,15.33,27.34
20-12-2017 21:00 ,0.24,20.08,22.76,20.46
20-12-2017 20:30 ,0.28,25.38,28.72,11.85
20-12-2017 20:00 ,0.28,29.09,33.87,7.78
20-12-2017 19:30 ,0.29,33.28,40.73,3.37
20-12-2017 19:00 ,0.31,32.86,42.28,3.39
20-12-2017 18:30 ,0.33,34.31,51.67,1.08
20-12-2017 18:00 ,0.33,36.13,59.76,1.18
20-12-2017 17:30 ,0.34,34.31,56.99,1.14
20-12-2017 17:00 ,0.35,31.92,56.55,0.6
20-12-2017 16:30 ,0.34,31.46,58.38,0.58
20-12-2017 16:00 ,0.33,30.37,57.03,0.88
20-12-2017 15:30 ,0.33,29.7,56.99,0.98
20-12-2017 15:00 ,0.33,30.37,53.49,1.78
20-12-2017 14:30 ,0.29,28.02,46.23,3.51
20-12-2017 14:00 ,0.26,26.41,40.52,6.61
20-12-2017 13:30 ,0.26,27.6,40.35,8.28
20-12-2017 13:00 ,0.23,23.93,32.95,14.73
20-12-2017 12:30 ,0.22,21.11,28.4,20.02
20-12-2017 12:00 ,0.22,23.81,31.23,19.24
20-12-2017 11:30 ,0.22,24.27,32.57,21.05
20-12-2017 11:00 ,0.22,22.2,30.2,23.47
20-12-2017 10:30 ,0.22,24.94,32.27,22.91
20-12-2017 10:00 ,0.22,24.86,32.78,23.85
20-12-2017 09:30 ,0.23,28,35.44,22.29
20-12-2017 09:00 ,0.22,26.35,32.34,26.66
20-12-2017 08:30 ,0.23,25.99,30.74,29.2
20-12-2017 08:00 ,0.22,23.83,28.13,32.69
20-12-2017 07:30 ,0.22,20.46,23.73,37.36
20-12-2017 07:00 ,0.2,,,35.84
20-12-2017 06:30 ,0.19,14.69,17.87,42.73
20-12-2017 05:30 ,0.19,10.23,13.52,46.88
20-12-2017 05:00 ,0.2,9.77,13.14,44.76
20-12-2017 04:30 ,0.21,8.76,10.84,43.59
20-12-2017 04:00 ,0.2,10.58,14.07,43.51
20-12-2017 03:30 ,0.2,10.14,14.43,43.19
20-12-2017 03:00 ,0.2,9.14,12.35,
20-12-2017 02:30 ,0.2,10.86,13.67,42.85
20-12-2017 02:00 ,0.19,11.55,15.05,42.73
20-12-2017 01:30 ,0.21,12.93,16.15,40.03
20-12-2017 01:00 ,,,,38.9
20-12-2017 00:30 ,0.21,17.02,21.11,35.6
20-12-2017 00:00 ,0.21,14.4,16.93,36.46
19-12-2017 23:30 ,0.23,19.39,21.84,28.88
19-12-2017 23:00 ,0.24,18.88,22.25,29.62
19-12-2017 22:30 ,0.27,21.69,26.81,21.37
19-12-2017 22:00 ,0.27,21.76,24.71,21.47
19-12-2017 21:30 ,0.21,15.8,18.72,39.75
19-12-2017 21:00 ,0.22,26.64,31.76,27.52
19-12-2017 20:30 ,0.21,26.74,30.15,27.14
19-12-2017 20:00 ,0.21,20.52,22.82,34.84
19-12-2017 19:30 ,0.22,18.28,21.25,38.64
19-12-2017 19:00 ,0.24,16.26,18.48,40.59
19-12-2017 18:30 ,0.21,13.71,16.3,44.5
19-12-2017 18:00 ,0.2,13.12,16.84,45.48
19-12-2017 17:30 ,0.17,7.08,10.09,51.43
19-12-2017 17:00 ,0.19,11.05,15.53,50.03
19-12-2017 16:30 ,0.2,10.29,14.13,48.85
19-12-2017 16:00 ,0.22,18.07,21.96,38.2
19-12-2017 15:30 ,0.22,24.27,28.04,33.37
19-12-2017 15:00 ,0.22,20.39,25.52,38.58
19-12-2017 14:30 ,0.26,23.77,29.15,28.8
19-12-2017 14:00 ,0.22,19.28,24.24,33.33
19-12-2017 13:30 ,0.22,19.37,25.8,33.67
19-12-2017 13:00 ,0.23,20.35,27.87,33.05
19-12-2017 12:30 ,0.24,20.37,26.53,33.35
19-12-2017 12:00 ,0.22,21.97,28.34,31.89
19-12-2017 11:30 ,0.22,22.74,30.33,31.31
19-12-2017 11:00 ,0.21,19.22,23.9,35.82
19-12-2017 10:30 ,0.2,11.48,14.83,46.68
19-12-2017 10:00 ,0.23,23.81,28.64,29.24
19-12-2017 09:30 ,0.26,28.86,34.26,24.03
19-12-2017 09:00 ,0.3,39.11,49.56,15.55
19-12-2017 08:30 ,0.31,39.03,49.91,11.83
19-12-2017 08:00 ,0.31,35.21,43.85,13.67
19-12-2017 07:30 ,0.27,30.91,36.05,17.86
19-12-2017 07:00 ,0.26,26.22,31.4,21.17
19-12-2017 06:30 ,0.23,22.51,25.32,25.15
19-12-2017 06:00 ,0.26,19.18,21.32,28.18
19-12-2017 05:30 ,0.22,13.27,15.91,33.13
19-12-2017 04:30 ,0.23,9.14,10.16,41.57
19-12-2017 04:00 ,0.23,8.07,9.26,42.45
19-12-2017 03:30 ,0.24,7.84,8.59,43.95
19-12-2017 03:00 ,0.24,9.08,10.64,42.63
19-12-2017 02:30 ,0.24,8.93,9.95,41.35
19-12-2017 02:00 ,0.26,10.71,11.63,
19-12-2017 01:30 ,0.26,11.05,12.19,36.38
19-12-2017 01:00 ,0.27,11.09,11.82,34.67
19-12-2017 00:30 ,0.28,16.1,17.1,28.58
19-12-2017 00:00 ,0.29,16.62,18.29,27.46
18-12-2017 23:30 ,0.28,16.68,18.52,26.1
18-12-2017 23:00 ,0.27,18.57,20.82,26.12
18-12-2017 22:30 ,0.27,17.27,19.72,28.72
18-12-2017 22:00 ,0.27,15.97,18.74,30.47
18-12-2017 21:30 ,0.26,15.43,17.78,33.45
18-12-2017 21:00 ,0.26,14.69,16.39,37.22
18-12-2017 20:30 ,0.26,14.15,16.26,39.49
18-12-2017 20:00 ,0.26,14.46,15.65,39.45
18-12-2017 19:30 ,0.26,16.54,18.55,37.5
18-12-2017 19:00 ,0.26,17.1,19.62,35.86
18-12-2017 18:30 ,0.27,20.1,23.06,27.6
18-12-2017 18:00 ,0.27,21.46,24.89,25.25
18-12-2017 17:30 ,0.27,19.99,23.69,27.22
18-12-2017 17:00 ,0.27,20.81,23.91,27.58
18-12-2017 16:30 ,0.28,24.35,27.91,24.15
18-12-2017 16:00 ,0.28,24.29,28.39,22.79
18-12-2017 15:30 ,0.28,24.17,28.1,23.25
18-12-2017 15:00 ,0.27,22.97,27.12,25.88
18-12-2017 14:30 ,0.28,23.45,29.38,26.2
18-12-2017 14:00 ,0.26,20.06,26.23,31.17
18-12-2017 13:30 ,0.26,19.47,24.57,33.05
18-12-2017 13:00 ,0.27,22.55,28.3,30.12
18-12-2017 12:30 ,0.27,18.53,22.58,32.85
18-12-2017 12:00 ,0.27,19.43,23.82,33.31
18-12-2017 11:30 ,0.26,23.87,30.05,27.92
18-12-2017 11:00 ,0.23,21.19,26.91,29.2
18-12-2017 10:30 ,0.23,18.32,22.05,32.33
18-12-2017 10:00 ,0.23,21.25,26.35,30.45
18-12-2017 09:30 ,0.24,22.51,28.67,28.72
18-12-2017 09:00 ,0.24,20.67,25.2,30.75
18-12-2017 08:30 ,0.24,21.84,26.27,28.98
18-12-2017 08:00 ,0.26,22.49,27.72,25.51
18-12-2017 07:30 ,0.26,19.99,23.21,27.62
18-12-2017 07:00 ,0.24,21.61,25.57,27.48
18-12-2017 06:30 ,0.23,24.84,28.86,21.15
18-12-2017 06:00 ,0.23,24.69,28.82,22.21
18-12-2017 05:30 ,0.23,18.8,21.1,28.48
18-12-2017 05:00 ,0.22,17.86,19.36,30.25
18-12-2017 04:30 ,0.21,14.29,16.03,33.45
18-12-2017 03:30 ,0.22,7.02,8.59,37.88
18-12-2017 03:00 ,0.21,5.93,7.7,39.75
18-12-2017 02:30 ,0.2,5.72,8.63,39.61
18-12-2017 02:00 ,0.22,6.01,8.09,38.4
18-12-2017 01:30 ,0.2,5.62,7.6,39.3
18-12-2017 01:00 ,0.22,5.55,7.55,
18-12-2017 00:30 ,0.21,7.06,9.08,36.54
18-12-2017 00:00 ,0.22,9.7,12.17,36.26
17-12-2017 23:30 ,0.23,11.63,15.36,35.38
17-12-2017 23:00 ,0.23,10.19,12.37,37.54
17-12-2017 22:30 ,0.24,14.82,18.94,36.44
17-12-2017 22:00 ,0.23,14.15,19.24,36.92
17-12-2017 21:30 ,0.27,20.23,24.97,31.09
17-12-2017 21:00 ,0.3,26.28,33.56,24.81
17-12-2017 20:30 ,0.31,28.32,33.09,21.97
17-12-2017 20:00 ,0.3,29.91,35.91,21.57
17-12-2017 19:30 ,0.29,28.97,34.22,22.47
17-12-2017 19:00 ,0.29,27.92,32.41,24.13
17-12-2017 18:30 ,0.31,29.3,34.49,23.57
17-12-2017 18:00 ,0.33,31.52,35.29,20.72
17-12-2017 17:30 ,0.33,32.88,36.88,20.48
17-12-2017 17:00 ,0.35,35.57,39.42,16.62
17-12-2017 16:30 ,0.35,34.94,39.05,18
17-12-2017 16:00 ,0.34,31.17,35.97,21.39
17-12-2017 15:30 ,0.29,24.23,29.28,27.92
17-12-2017 15:00 ,0.27,17,19.71,36.4
17-12-2017 14:30 ,0.23,11.38,14.01,42.03
17-12-2017 14:00 ,0.22,5.78,7.87,47.36
17-12-2017 13:30 ,0.21,5.01,6.63,46.54
17-12-2017 13:00 ,0.23,9.1,11.44,38.78
17-12-2017 12:30 ,0.23,8.26,11.42,36.68
17-12-2017 12:00 ,0.27,13.08,17.73,29.24
17-12-2017 11:30 ,0.36,26.16,37.49,12.25
17-12-2017 11:00 ,0.33,21.15,29.86,14.95
17-12-2017 10:30 ,0.3,17.27,23.55,17.98
17-12-2017 10:00 ,0.26,13.46,18.41,22.01
17-12-2017 09:30 ,0.23,10.04,14.25,26.04
17-12-2017 09:00 ,0.22,6.77,8.63,29.52
17-12-2017 08:30 ,0.23,10.52,12.19,26.98
17-12-2017 08:00 ,0.21,8.4,10.51,29.4
17-12-2017 07:30 ,0.21,7.94,9.73,30.27
17-12-2017 07:00 ,0.2,6.23,7.4,34.45
17-12-2017 06:30 ,0.19,4.55,6.06,38.76
17-12-2017 06:00 ,0.2,3.56,4.98,43.49
17-12-2017 05:30 ,0.2,3.84,4.89,45.24
17-12-2017 05:00 ,0.19,3.75,5.09,46.36
17-12-2017 04:30 ,0.19,3.98,5.01,44.7
17-12-2017 03:30 ,0.19,6.01,8.11,44.32
17-12-2017 03:00 ,0.19,5.11,6.98,48.08
17-12-2017 02:30 ,0.19,4.46,5.96,50.31
17-12-2017 02:00 ,0.21,7.38,9.2,39.67
17-12-2017 01:30 ,0.23,7.61,9.31,34.84
17-12-2017 01:00 ,0.23,9.95,10.76,
17-12-2017 00:30 ,0.23,10.21,12.1,36.88
17-12-2017 00:00 ,0.24,9.45,11.02,41.21
16-12-2017 23:30 ,0.23,9.47,10.71,47.88
16-12-2017 23:00 ,0.24,10.56,12.41,49.69
16-12-2017 22:30 ,0.24,9.81,12.19,49.67
16-12-2017 22:00 ,0.27,12.26,13.6,45.86
16-12-2017 21:30 ,0.29,16.22,18.28,42.01
16-12-2017 21:00 ,0.28,14.9,16.7,43.73
16-12-2017 20:30 ,0.29,18.44,20.28,40.55
16-12-2017 20:00 ,0.31,23.24,25.65,37.28
16-12-2017 19:30 ,0.34,30.52,33.98,29.54
16-12-2017 19:00 ,0.35,34.98,38.2,25.09
16-12-2017 18:30 ,0.34,31.21,33.95,29.9
16-12-2017 18:00 ,0.33,26.68,29.74,33.01
16-12-2017 17:30 ,0.31,29.82,32.37,32.37
16-12-2017 17:00 ,0.29,23.68,26.16,38.5
16-12-2017 16:30 ,0.3,26.2,29.13,34.81
16-12-2017 16:00 ,0.28,19.76,21.67,42.43
16-12-2017 15:30 ,0.26,16.72,18.38,46.4
16-12-2017 15:00 ,0.23,11.88,13.87,50.35
16-12-2017 14:30 ,0.23,11.04,13.01,50.35
16-12-2017 14:00 ,0.21,9.62,12.13,51.51
16-12-2017 13:30 ,0.21,7.65,10.33,53.11
16-12-2017 13:00 ,0.2,6.94,9.48,55.38
16-12-2017 12:30 ,0.2,6.62,8.82,56.06
16-12-2017 12:00 ,0.21,7.96,11.21,53.64
16-12-2017 11:30 ,0.24,11.55,15.64,46.28
16-12-2017 11:00 ,0.26,13.44,19.01,39.85
16-12-2017 10:30 ,0.26,12.22,17.23,39.36
16-12-2017 10:00 ,0.26,12.01,15.47,39.04
16-12-2017 09:30 ,0.24,13.25,16.51,38.84
16-12-2017 09:00 ,0.23,13.48,16.23,38.76
16-12-2017 08:30 ,0.23,13.73,15.59,39.06
16-12-2017 08:00 ,0.23,13.96,15.61,39.79
16-12-2017 07:30 ,0.22,10.04,12.18,41.37
16-12-2017 07:00 ,0.21,8.53,9.52,41.97
16-12-2017 06:30 ,0.2,7.19,8.45,44.68
16-12-2017 05:30 ,0.2,7.48,8.35,46.44
16-12-2017 05:00 ,0.21,9.29,10.76,45.92
16-12-2017 04:30 ,0.21,7.48,9.07,47.98
16-12-2017 04:00 ,0.2,6.64,7.57,50.59
16-12-2017 03:30 ,0.2,8.93,10.31,50.47
16-12-2017 03:00 ,0.2,7.21,8.95,
16-12-2017 02:30 ,0.21,7.63,8.88,47.64
16-12-2017 02:00 ,0.22,11.93,13.19,42.59
16-12-2017 01:30 ,0.23,16.72,19.39,35.3
16-12-2017 01:00 ,0.24,19.78,23.16,27.64
16-12-2017 00:30 ,0.24,18.97,21.26,29.32
16-12-2017 00:00 ,0.26,20.69,23.38,24.03
15-12-2017 23:30 ,0.3,24.84,27.23,16.66
15-12-2017 23:00 ,0.3,27.92,30.04,17.06
15-12-2017 22:30 ,0.31,29.68,32.86,14.93
15-12-2017 22:00 ,0.31,31.17,34.5,13.59
15-12-2017 21:30 ,0.33,36.17,41.23,10.1
15-12-2017 21:00 ,0.34,36.09,41.51,8.52
15-12-2017 20:30 ,0.33,33.22,37.81,11.36
15-12-2017 20:00 ,0.31,35.71,41.56,9.28
15-12-2017 19:30 ,0.31,33.41,38.52,9.58
15-12-2017 19:00 ,0.31,33.55,40.59,7.76
15-12-2017 18:30 ,0.34,36.53,46.53,4.87
15-12-2017 18:00 ,0.34,38.58,55.58,3.17
15-12-2017 17:30 ,0.34,36.36,48.97,3.23
15-12-2017 17:00 ,0.29,30.24,36.08,9.68
15-12-2017 16:30 ,0.3,32.17,39.85,7.6
15-12-2017 16:00 ,0.3,30.1,40.92,6.85
15-12-2017 15:30 ,0.28,28.53,37.32,9.9
15-12-2017 15:00 ,0.26,23.56,30.68,14.93
15-12-2017 14:30 ,0.26,22.34,30.91,15.49
15-12-2017 14:00 ,0.24,17.84,23.78,22.97
15-12-2017 13:30 ,0.24,19.78,24.73,25.96
15-12-2017 13:00 ,0.22,15.66,18.54,37.78
15-12-2017 12:30 ,0.2,19.14,22.2,44.52
15-12-2017 12:00 ,0.21,24.1,28.03,46.14
15-12-2017 11:30 ,0.2,24,28.19,49.25
15-12-2017 11:00 ,0.22,29.66,34.07,38.5
15-12-2017 10:30 ,0.21,28.67,33.1,37.14
15-12-2017 10:00 ,0.23,30.33,35.17,29.64
15-12-2017 09:30 ,0.23,31.42,36.27,24.65
15-12-2017 09:00 ,0.23,33.05,37.19,24.91
15-12-2017 08:30 ,0.23,33.49,37.39,27.36
15-12-2017 08:00 ,0.23,29.68,32.09,34.03
15-12-2017 07:30 ,0.22,26.2,28.27,39.83
15-12-2017 07:00 ,0.21,22.43,24.22,42.49
15-12-2017 06:30 ,0.2,17.1,18.46,47.02
15-12-2017 06:00 ,0.17,14.02,14.56,49.85
15-12-2017 05:30 ,0.17,8.84,9.74,55.6
15-12-2017 04:30 ,0.16,7,7.64,58.41
15-12-2017 04:00 ,0.16,6.23,7.01,59.91
15-12-2017 03:30 ,0.16,5.57,5.95,59.59
15-12-2017 03:00 ,0.16,6.2,6.88,60.15
15-12-2017 02:30 ,0.16,5.68,6.74,62.11
15-12-2017 02:00 ,0.16,5.78,6.03,
15-12-2017 01:30 ,0.14,5.26,6.88,67.24
15-12-2017 01:00 ,0.15,5.76,7.37,66.5
15-12-2017 00:30 ,0.14,6.16,7.44,65.46
15-12-2017 00:00 ,0.15,7.4,8.09,66.52
14-12-2017 23:30 ,0.15,7.88,9.78,67.2
14-12-2017 23:00 ,0.16,7.55,9.47,67.28
14-12-2017 22:30 ,0.16,9.01,10.08,67.49
14-12-2017 22:00 ,0.16,10.42,12.3,68.15
14-12-2017 21:30 ,0.16,9.1,11.35,69.83
14-12-2017 21:00 ,0.16,10.33,11.86,71.27
14-12-2017 20:30 ,0.16,10.29,11.9,71.94
14-12-2017 20:00 ,0.16,10.73,12.34,70.87
14-12-2017 19:30 ,0.16,11.72,13.22,70.03
14-12-2017 19:00 ,0.16,11.3,13.03,71.35
14-12-2017 18:30 ,0.16,11.63,13.32,70.21
14-12-2017 18:00 ,0.17,15.53,16.55,68.45
14-12-2017 17:30 ,0.16,14,15.99,71.25
14-12-2017 17:00 ,0.17,15.19,17.08,67.81
14-12-2017 16:30 ,0.17,19.49,21.15,63.22
14-12-2017 16:00 ,0.2,21.02,23.22,62.7
14-12-2017 15:30 ,0.17,16.03,18.42,69.85
14-12-2017 15:00 ,0.17,15.17,16.99,71.31
14-12-2017 14:30 ,0.16,17.61,19.94,69.83
14-12-2017 14:00 ,0.17,15.4,18.33,71.59
14-12-2017 13:30 ,0.16,11.93,14.02,76.59
14-12-2017 13:00 ,0.15,13.35,15.84,76.65
14-12-2017 12:30 ,0.16,12.74,15.62,75.08
14-12-2017 12:00 ,0.16,13.94,16.08,72.82
14-12-2017 11:30 ,0.16,16.54,19.34,67.75
14-12-2017 11:00 ,0.19,19.91,23.51,54.96
14-12-2017 10:30 ,0.23,26.28,31.69,29.62
14-12-2017 10:00 ,0.26,34.27,45.54,14.39
14-12-2017 09:30 ,0.27,35.84,50.37,10.54
14-12-2017 09:00 ,0.26,30.94,38.75,15.57
14-12-2017 08:30 ,0.24,26.43,32.25,20.95
14-12-2017 08:00 ,0.26,28.44,36.37,18.1
14-12-2017 07:30 ,0.24,30.6,44.83,17
14-12-2017 07:00 ,0.22,22.15,29.16,25.45
14-12-2017 06:30 ,0.2,14.92,19.71,32.55
14-12-2017 06:00 ,0.2,11.11,13.5,38.28
14-12-2017 05:30 ,0.19,8.26,9.95,44.01
14-12-2017 05:00 ,0.17,5.89,7.63,48.95
14-12-2017 04:30 ,0.19,5.74,6.78,53.37
14-12-2017 03:30 ,0.16,7.42,9.19,53.27
14-12-2017 03:00 ,0.17,6.41,7.36,51.09
14-12-2017 02:30 ,0.19,7.5,8.85,46.36
14-12-2017 02:00 ,0.17,6.35,7.97,50.01
14-12-2017 01:30 ,0.19,8.05,9.16,45.06
14-12-2017 01:00 ,0.2,9.37,11.59,
14-12-2017 00:30 ,0.2,8.2,10.45,41.77
14-12-2017 00:00 ,0.2,7.94,9.37,42.95
13-12-2017 23:30 ,0.22,8.93,10.96,43.61
13-12-2017 23:00 ,0.22,7.69,9.5,45.04
13-12-2017 22:30 ,0.22,7.71,9.35,46.78
13-12-2017 22:00 ,0.23,8.41,10.23,47.2
13-12-2017 21:30 ,0.23,7.19,9.33,48.26
13-12-2017 21:00 ,0.23,8.24,9.79,47.98
13-12-2017 20:30 ,0.23,10.06,12.08,47.08
13-12-2017 20:00 ,0.23,8.59,11.05,48.28
13-12-2017 19:30 ,0.23,8.4,10.59,48.3
13-12-2017 19:00 ,0.23,10.77,13.95,47.22
13-12-2017 18:30 ,0.24,17.73,21.59,38.28
13-12-2017 18:00 ,0.24,16.05,19.16,39.38
13-12-2017 17:30 ,0.24,17.16,21.03,39.91
13-12-2017 17:00 ,0.24,17.1,21.88,40.55
13-12-2017 16:30 ,0.24,16.05,19.94,41.09
13-12-2017 16:00 ,0.24,19.99,23.71,37.32
13-12-2017 15:30 ,0.24,20.9,25.19,37.96
13-12-2017 15:00 ,0.24,22.85,28.22,34.27
13-12-2017 14:30 ,0.24,18.34,22.15,39.99
13-12-2017 14:00 ,0.24,17.02,21.08,41.75
13-12-2017 13:30 ,0.23,14.4,18.18,43.03
13-12-2017 13:00 ,0.23,14.19,17.91,42.95
13-12-2017 12:30 ,0.23,15.87,20.32,41.65
13-12-2017 12:00 ,0.23,13.9,18.52,42.01
13-12-2017 11:30 ,0.23,15.26,19.67,39.36
13-12-2017 11:00 ,0.23,14.54,19.32,42.23
13-12-2017 10:30 ,0.23,13.27,17.59,43.93
13-12-2017 10:00 ,0.23,14.17,17.79,43.69
13-12-2017 09:30 ,0.23,16.73,20.66,42.83
13-12-2017 09:00 ,0.22,15.36,19.56,43.61
13-12-2017 08:30 ,0.22,14.61,17.74,44.56
13-12-2017 08:00 ,0.22,16.16,19.76,44.96
13-12-2017 07:30 ,0.22,14.19,17.74,47.38
13-12-2017 07:00 ,0.2,12.6,14.88,49.25
13-12-2017 06:30 ,0.2,12.3,14.67,49.95
13-12-2017 05:30 ,0.2,8.51,10.77,51.57
13-12-2017 05:00 ,0.2,8.19,9.77,53.01
13-12-2017 04:30 ,0.19,7.8,9.74,52.95
13-12-2017 04:00 ,0.2,7.5,9.65,49.53
13-12-2017 03:30 ,0.2,8.84,10.7,47.44
13-12-2017 03:00 ,0.2,8.78,11.21,
13-12-2017 02:30 ,0.2,7.9,9.79,47.88
13-12-2017 02:00 ,0.2,7.82,9.45,49.57
13-12-2017 01:30 ,0.2,7.63,9.65,51.83
13-12-2017 01:00 ,,,,52.33
13-12-2017 00:30 ,0.2,6.79,8.45,52.67
13-12-2017 00:00 ,0.23,9.37,11.52,48.97
12/12/17 23:30,0.23,10.25,11.79,46.32
12/12/17 23:00,0.23,12.58,14.08,43.87
12/12/17 22:30,0.24,14.32,16.19,41.05
12/12/17 22:00,0.24,15.4,17.22,39.04
12/12/17 21:30,0.26,17.52,18.95,39.06
12/12/17 21:00,0.24,12.62,14.22,45.54
12/12/17 20:30,0.24,11.76,13.34,47.96
12/12/17 20:00,0.24,10.42,11.32,50.43
12/12/17 19:30,0.23,10.84,12.12,50.87
12/12/17 19:00,0.24,12.18,13.48,49.31
12/12/17 18:30,0.22,11.97,13.82,50.77
12/12/17 18:00,0.24,13.31,15.46,45.88
12/12/17 17:30,0.23,10.02,11.18,49.17
12/12/17 17:00,0.26,16.05,18.01,43.51
12/12/17 16:30,0.23,10.73,12.73,47.86
12/12/17 16:00,0.24,12.76,14.36,45.68
12/12/17 15:30,0.26,16.31,18.45,41.27
12/12/17 15:00,0.27,21.67,25.9,34.47
12/12/17 14:30,0.26,15.41,18.62,39.51
12/12/17 14:00,0.27,16.66,20.05,38.06
12/12/17 13:30,0.27,17,20.4,36.78
12/12/17 13:00,0.26,12.72,14.73,40.05
12/12/17 12:30,0.24,12.81,15.19,37.6
12/12/17 12:00,0.26,13.83,17.18,34.31
12/12/17 11:30,0.26,14.82,19.03,31.49
12/12/17 11:00,0.27,18.93,23.7,25.68
12/12/17 10:30,0.27,18.84,25.33,23.63
12/12/17 10:00,0.28,18.47,24.9,20.08
12/12/17 9:30,0.28,20.41,26.23,14.91
12/12/17 9:00,0.31,26.07,37.92,7.46
12/12/17 8:30,0.34,28.02,43.84,3.69
12/12/17 8:00,0.37,30.71,53.01,1.3
12/12/17 7:30,0.34,27.31,36.6,3.71
12/12/17 7:00,0.31,28.71,41.18,3.95
12/12/17 6:30,0.29,24.63,30.86,9.9
12/12/17 6:00,0.29,19.95,23.97,14.17
12/12/17 5:30,0.27,12.55,14.32,19.54
12/12/17 4:30,0.26,12.07,13.42,22.09
12/12/17 4:00,0.26,11.86,14.12,21.79
12/12/17 3:30,0.26,10.96,11.68,22.37
12/12/17 3:00,0.26,11.15,12.74,23.59
12/12/17 2:30,0.26,8.76,10.05,26.24
12/12/17 2:00,0.27,7.32,7.57,
12/12/17 1:30,0.24,7.76,7.93,30.55
12/12/17 1:00,0.24,8.74,9.86,29.24
12/12/17 0:30,0.26,7.29,7.95,31.89
12/12/17 0:00,0.24,9.1,9.85,31.75
11/12/17 23:30,0.26,9.73,11.49,29.24
11/12/17 23:00,0.24,9.93,10.85,29.1
11/12/17 22:30,0.28,13.56,14.9,26.7
11/12/17 22:00,0.27,16.33,18.06,24.39
11/12/17 21:30,0.28,17.98,19.68,22.61
11/12/17 21:00,0.26,12.43,13.48,30.35
11/12/17 20:30,0.28,8.8,10.46,35
11/12/17 20:00,0.26,7.48,8.87,37.1
11/12/17 19:30,0.26,6.62,7.9,41.43
11/12/17 19:00,0.26,8.22,9.95,41.59
11/12/17 18:30,0.24,9.28,10.95,41.59
11/12/17 18:00,0.26,7.71,8.87,43.89
11/12/17 17:30,0.26,15.59,18.52,34.86
11/12/17 17:00,0.27,13.16,15.91,38.24
11/12/17 16:30,0.26,12.49,14.55,42.39
11/12/17 16:00,0.3,25.21,32.3,28.1
11/12/17 15:30,0.3,24.61,35.12,27.28
11/12/17 15:00,0.29,20.52,26.61,31.07
11/12/17 14:30,0.27,17.06,22.01,35.08
11/12/17 14:00,0.27,15.13,19.64,36.9
11/12/17 13:30,0.24,13.16,17.25,40.53
11/12/17 13:00,0.26,19.37,24.52,35.36
11/12/17 12:30,0.24,14.96,18.98,39.57
11/12/17 12:00,0.23,13.54,16.79,40.79
11/12/17 11:30,0.23,13.35,16.65,42.67
11/12/17 11:00,0.26,16.64,20.84,39.2
11/12/17 10:30,0.23,15.66,19.39,40.29
11/12/17 10:00,0.23,12.89,16,45.66
11/12/17 9:30,0.23,13.22,17.01,45.4
11/12/17 9:00,0.22,19.3,26.17,41.05
11/12/17 8:30,0.23,19.35,25.27,42.05
11/12/17 8:00,0.23,18.67,24.42,42.77
11/12/17 7:30,0.22,13.66,17.73,47.12
11/12/17 7:00,0.22,12.07,14.47,50.89
11/12/17 6:30,0.21,10.02,12.74,52.99
11/12/17 6:00,0.21,6.43,7.67,57.96
11/12/17 5:30,0.2,5.37,6.26,58.09
11/12/17 5:00,0.21,3.86,5.16,59.77
11/12/17 4:30,0.2,3.42,3.86,59.91
11/12/17 3:30,0.19,2.47,4.37,62.65
11/12/17 3:00,0.19,7.5,10.36,56.2
11/12/17 2:30,0.2,13.54,17.65,51.13
11/12/17 2:00,0.19,36.74,47.68,26.52
11/12/17 1:30,0.2,14.67,18.78,47.94
11/12/17 1:00,0.19,28.73,36.26,
11/12/17 0:30,0.19,15.47,18.58,51.35
11/12/17 0:00,0.2,6.45,8.18,60.03
10/12/17 23:30,0.2,8.84,10.57,56.52
10/12/17 23:00,0.19,7.63,9.81,60.09
10/12/17 22:30,0.17,6.94,9.16,60.85
10/12/17 22:00,0.19,8.11,9.89,59.65
10/12/17 21:30,0.2,7.04,9.15,62.74
10/12/17 21:00,0.21,8.55,10.77,60.09
10/12/17 20:30,0.2,7.9,10.1,59.25
10/12/17 20:00,0.19,8.53,10.76,59.65
10/12/17 19:30,0.2,8.72,11.04,58.39
10/12/17 19:00,0.2,7.61,9.89,62.23
10/12/17 18:30,0.2,9.43,11.55,61.09
10/12/17 18:00,0.19,9.52,11.77,63.26
10/12/17 17:30,0.19,11.36,14.11,60.29
10/12/17 17:00,0.2,13.23,15.52,58.39
10/12/17 16:30,0.21,16.24,19.87,52.67
10/12/17 16:00,0.21,13.54,16.47,52.27
10/12/17 15:30,0.21,9.89,11.83,54.62
10/12/17 15:00,0.21,10.52,13.1,55.28
10/12/17 14:30,0.2,7.61,10.34,59.05
10/12/17 14:00,0.21,9.07,11.56,55.72
10/12/17 13:30,0.21,10.04,13.37,54.46
10/12/17 13:00,0.2,8.34,10.91,53.54
10/12/17 12:30,0.21,9.39,11.39,50.45
10/12/17 12:00,0.2,7.88,10.25,55.06
10/12/17 11:30,0.2,7.54,10.74,52.63
10/12/17 11:00,0.21,7.78,10.15,51.57
10/12/17 10:30,0.22,8.07,10.19,51.19
10/12/17 10:00,0.2,7.96,10.48,52.21
10/12/17 9:30,0.21,8.05,11.17,50.87
10/12/17 9:00,0.2,7.23,9.88,53.13
10/12/17 8:30,0.2,6.56,8.75,52.65
10/12/17 8:00,0.17,4.36,6.41,55.44
10/12/17 7:30,0.17,4.46,6.2,58.33
10/12/17 7:00,0.17,4.63,6.81,61.13
10/12/17 6:30,0.16,3.9,6.54,62.27
10/12/17 6:00,0.16,3.54,4.82,64.06
10/12/17 5:30,0.15,2.87,4.8,66.68
10/12/17 5:00,0.17,2.66,4.97,65.04
10/12/17 4:30,0.15,3.02,4.53,65.16
10/12/17 3:30,0.16,2.98,3.84,68.19
10/12/17 3:00,0.16,3.79,4.48,68.15
10/12/17 2:30,0.16,4.69,5.92,66.26
10/12/17 2:00,0.16,4.09,4.89,65.92
10/12/17 1:30,0.19,5.55,5.99,63.64
10/12/17 1:00,0.2,7.15,8.17,
10/12/17 0:30,0.17,6.9,7.66,61.23
10/12/17 0:00,0.19,6.77,7.41,61.75