Timestamp,NO2,NOX
9/1/18 6:30,14.94,16.39
9/1/18 5:30,6.79,7.52
9/1/18 5:00,4.76,5.2
9/1/18 4:30,4.44,4.82
9/1/18 4:00,4.61,4.9
9/1/18 3:30,4.15,4.74
9/1/18 3:00,4.74,5.57
9/1/18 2:30,6.22,6.77
9/1/18 2:00,7.48,8.05
9/1/18 1:30,5.14,6.06
9/1/18 0:30,5.81,5.6
9/1/18 0:00,7.44,6.83
8/1/18 23:30,6.18,6.27
8/1/18 23:00,9.93,10.38
8/1/18 22:30,19.64,19.87
8/1/18 22:00,18.4,19.18
8/1/18 21:30,15.17,16.01
8/1/18 21:00,15.26,15.84
8/1/18 20:30,20.1,21.32
8/1/18 20:00,21.44,21.96
8/1/18 19:30,31.67,34.06
8/1/18 19:00,30.1,31.71
8/1/18 18:30,22.66,24.17
8/1/18 18:00,28.96,31.1
8/1/18 17:30,26.03,27.43
8/1/18 17:00,28.23,29.43
8/1/18 16:30,45.71,50.05
8/1/18 16:00,58.6,83.35
8/1/18 15:30,61.03,89.73
8/1/18 15:00,63.74,103.68
8/1/18 14:30,61.24,98.67
8/1/18 14:00,52.67,79.45
8/1/18 13:30,45.86,68.52
8/1/18 13:00,36.82,55.18
8/1/18 12:30,16.72,31.67
8/1/18 12:00,10.48,40.83
8/1/18 11:30,76.75,218.27
8/1/18 11:00,69.18,181.96
8/1/18 10:30,77.72,328.95
8/1/18 10:00,94.46,
8/1/18 9:30,93.25,
8/1/18 9:00,99.66,
8/1/18 8:30,82.29,409.54
8/1/18 8:00,78.55,321.53
8/1/18 7:30,86.85,320.31
8/1/18 7:00,79.79,247.9
8/1/18 6:30,70.11,148.33
8/1/18 6:00,53.03,67.11
8/1/18 5:30,37.71,42.02
8/1/18 4:30,25.11,27.06
8/1/18 4:00,24.71,26.32
8/1/18 3:30,19.74,21.92
8/1/18 3:00,22.32,24.5
8/1/18 2:30,22.51,24.98
8/1/18 2:00,22.91,24.48
8/1/18 1:30,19.35,21.73
8/1/18 1:00,19.35,21.06
8/1/18 0:30,24.33,25.21
8/1/18 0:00,24.56,26.07
7/1/18 23:30,24.06,25.34
7/1/18 23:00,30.39,32.76
7/1/18 22:30,34.37,36.82
7/1/18 22:00,36.66,39.11
7/1/18 21:30,34.58,37.2
7/1/18 21:00,29.87,30.56
7/1/18 20:30,31.98,33.32
7/1/18 20:00,35.52,37.08
7/1/18 19:30,31.04,32.4
7/1/18 19:00,28.17,29.51
7/1/18 18:30,32.97,34.94
7/1/18 18:00,41.73,45.63
7/1/18 17:30,40.64,43.97
7/1/18 17:00,32.97,35.65
7/1/18 16:30,34.04,35.99
7/1/18 16:00,36.05,38.86
7/1/18 15:30,34.62,39.28
7/1/18 15:00,28.78,31.71
7/1/18 14:30,26.51,30.27
7/1/18 14:00,41.56,52.84
7/1/18 13:30,40.12,51.94
7/1/18 13:00,38.4,52.5
7/1/18 12:30,46.21,69.9
7/1/18 12:00,43.99,66.12
7/1/18 11:30,46.13,71.62
7/1/18 11:00,50.59,82.33
7/1/18 10:30,46.01,79.58
7/1/18 10:00,47.6,96.96
7/1/18 9:30,43.93,90.42
7/1/18 9:00,45.44,99.45
7/1/18 8:30,37.73,65.08
7/1/18 8:00,46.53,67.86
7/1/18 7:30,45.61,62.56
7/1/18 7:00,39.03,48.79
7/1/18 6:30,38.15,43.41
7/1/18 6:00,33.39,37.68
7/1/18 5:30,28.25,31.63
7/1/18 5:00,17.23,18.42
7/1/18 4:30,13.2,14.55
7/1/18 3:30,15.55,18.09
7/1/18 3:00,14.48,16.47
7/1/18 2:30,18.99,20.73
7/1/18 2:00,20.77,23.12
7/1/18 1:30,19.74,21.61
7/1/18 1:00,11.84,12.51
7/1/18 0:30,13.08,14.21
7/1/18 0:00,14.48,16.87
6/1/18 23:30,13.64,15.61
6/1/18 23:00,13.33,14.27
6/1/18 22:30,12.99,14.5
6/1/18 22:00,11.65,12.89
6/1/18 21:30,6.6,7.23
6/1/18 21:00,5.01,5.47
6/1/18 20:30,4.26,4.72
6/1/18 20:00,6.52,7.32
6/1/18 19:30,7.32,9.01
6/1/18 19:00,13.01,13.94
6/1/18 18:30,11.93,12.99
6/1/18 18:00,13.22,14.34
6/1/18 17:30,12.32,13.69
6/1/18 17:00,17.73,20
6/1/18 16:30,21.46,24.38
6/1/18 16:00,17.21,19.32
6/1/18 15:30,12.83,15.43
6/1/18 15:00,13.98,16.14
6/1/18 14:30,16.56,20.81
6/1/18 14:00,21.34,29.76
6/1/18 13:30,20.44,29.3
6/1/18 13:00,15.93,24.59
6/1/18 12:30,21.36,34.31
6/1/18 12:00,31.08,57.38
6/1/18 11:30,30.06,52.17
6/1/18 11:00,26.51,41.5
6/1/18 10:30,25.74,39.4
6/1/18 10:00,23.62,30.66
6/1/18 9:30,21.29,24.73
6/1/18 9:00,23.89,30.27
6/1/18 8:30,28.27,50.51
6/1/18 8:00,27.25,53.91
6/1/18 7:30,28.82,51.52
6/1/18 7:00,28.61,44.66
6/1/18 6:30,26.81,43.78
6/1/18 5:30,28.63,42.63
6/1/18 5:00,23.77,35.73
6/1/18 4:30,21.13,26.64
6/1/18 4:00,19.05,22.59
6/1/18 3:30,20.92,23.73
6/1/18 3:00,19.93,22.36
6/1/18 2:30,17.79,19.78
6/1/18 2:00,15.95,17.4
6/1/18 1:30,14.11,15.47
6/1/18 1:00,13.56,14.5
6/1/18 0:30,15.74,16.91
6/1/18 0:00,13.66,14.71
5/1/18 23:30,15.41,16.31
5/1/18 23:00,12.58,13.35
5/1/18 22:30,11.32,12.24
5/1/18 22:00,12.93,14.11
5/1/18 21:30,16.22,17.44
5/1/18 21:00,13.98,15.38
5/1/18 20:30,9.93,10.73
5/1/18 20:00,10.21,11.55
5/1/18 19:30,12.07,13.04
5/1/18 19:00,28.96,31
5/1/18 18:30,32.07,34.65
5/1/18 18:00,31.12,33.81
5/1/18 17:30,27.23,29.09
5/1/18 17:00,36.57,39.38
5/1/18 16:30,40.18,43.24
5/1/18 16:00,33.2,35.9
5/1/18 15:30,23.49,25.32
5/1/18 15:00,23.64,25.93
5/1/18 14:30,25,28.19
5/1/18 14:00,22.59,26.81
5/1/18 13:30,26.16,33.41
5/1/18 13:00,29.66,37.43
5/1/18 12:30,24.84,29.66
5/1/18 12:00,27.25,33.81
5/1/18 11:30,26.03,30.77
5/1/18 11:00,24.27,27.69
5/1/18 10:30,19.43,22.8
5/1/18 10:00,28.09,32.3
5/1/18 9:30,30.37,33.91
5/1/18 9:00,35.67,40.45
5/1/18 8:30,38.54,43.85
5/1/18 8:00,51.06,63.95
5/1/18 7:30,54.47,70.44
5/1/18 7:00,37.08,41.65
5/1/18 6:30,23.14,26.3
5/1/18 6:00,14.88,15.89
5/1/18 5:30,10.9,11.97
5/1/18 4:30,10.23,10.69
5/1/18 4:00,22.57,22.89
5/1/18 3:30,13.04,13.06
5/1/18 3:00,10.08,10.17
5/1/18 2:30,11.72,12.01
5/1/18 2:00,11.59,12.05
5/1/18 1:30,12.05,12.66
5/1/18 1:00,13.16,13.23
5/1/18 0:30,11.93,12.13
5/1/18 0:00,19.28,20.67
4/1/18 23:30,20.52,22.2
4/1/18 23:00,13.71,14.69
4/1/18 22:30,10.52,11.07
4/1/18 22:00,8.89,9.26
4/1/18 21:30,9.72,9.77
4/1/18 21:00,9.29,9.52
4/1/18 20:30,9.22,9.26
4/1/18 20:00,6.98,6.75
4/1/18 19:30,6.35,6.29
4/1/18 19:00,7.19,7.57
4/1/18 18:30,8.87,9.07
4/1/18 18:00,16.1,16.43
4/1/18 17:30,14.65,14.86
4/1/18 17:00,17.48,17.96
4/1/18 16:30,16.6,16.49
4/1/18 16:00,17.38,17.86
4/1/18 15:30,19.37,19.97
4/1/18 15:00,19.13,19.79
4/1/18 11:30,21.17,23.72
4/1/18 11:00,23.64,27.04
4/1/18 10:30,25.59,28.88
4/1/18 10:00,34.23,40.83
4/1/18 9:30,40.39,50.55
4/1/18 9:00,36.2,42.36
4/1/18 8:30,27.73,30.73
4/1/18 8:00,26.35,29.03
4/1/18 7:30,22.59,24.94
4/1/18 7:00,32.17,37.91
4/1/18 6:30,31.98,34.64
4/1/18 6:00,26.58,27.46
4/1/18 5:30,21.02,21.88
4/1/18 5:00,25.03,25.67
4/1/18 4:30,30.26,30.64
4/1/18 3:30,41.27,50.03
4/1/18 3:00,44.64,56.61
4/1/18 2:30,43.34,54.87
4/1/18 2:00,41.98,47.3
4/1/18 1:30,39.78,41.96
4/1/18 1:00,42.06,45.88
4/1/18 0:30,43.28,46.45
4/1/18 0:00,39.63,40.33
3/1/18 23:30,33.07,33.35
3/1/18 23:00,30.33,30.05
3/1/18 22:30,19.43,19.53
3/1/18 22:00,16.08,15.84
3/1/18 21:30,14.75,14.84
3/1/18 21:00,24.71,24.75
3/1/18 20:30,15.05,15.01
3/1/18 20:00,12.07,12.18
3/1/18 19:30,9.96,9.47
3/1/18 19:00,9.52,8.8
3/1/18 18:30,8.34,7.99
3/1/18 18:00,10.96,10.84
3/1/18 17:30,14.75,14.82
3/1/18 17:00,17.1,16.79
3/1/18 16:30,16.01,15.59
3/1/18 16:00,14.54,14.54
3/1/18 15:30,18.97,19.37
3/1/18 15:00,17.5,18.17
3/1/18 14:30,16.64,16.73
3/1/18 14:00,16.31,16.98
3/1/18 13:30,11.05,11.11
3/1/18 13:00,11.07,11.61
3/1/18 12:30,11.07,11.4
3/1/18 12:00,10.27,11.3
3/1/18 11:30,9.12,9.49
3/1/18 11:00,9.54,9.73
3/1/18 10:30,8.09,8.55
3/1/18 10:00,8.36,8.63
3/1/18 9:30,7.82,7.76
3/1/18 9:00,7.98,8.09
3/1/18 8:30,8.74,8.93
3/1/18 8:00,8.78,10.14
3/1/18 7:30,10.12,11.48
3/1/18 7:00,8.09,8.49
3/1/18 6:30,7.42,8.19
3/1/18 5:30,8.43,7.88
3/1/18 5:00,5.95,6.04
3/1/18 4:30,8.36,8.34
3/1/18 4:00,7.61,7.71
3/1/18 3:30,6.29,6.27
3/1/18 3:00,7,6.6
3/1/18 2:30,5.76,5.57
3/1/18 2:00,8.66,8.61
3/1/18 1:30,8.57,8.3
3/1/18 1:00,5.37,5.01
3/1/18 0:30,5.16,5.24
3/1/18 0:00,5.7,6.02
2/1/18 23:30,7.46,7.17
2/1/18 23:00,6.66,6.71
2/1/18 22:30,11.44,11.3
2/1/18 22:00,8.61,8.66
2/1/18 21:30,8.57,8.74
2/1/18 21:00,9.12,9.49
2/1/18 20:30,11.49,11.7
2/1/18 20:00,11.76,12.13
2/1/18 19:30,14.67,15.17
2/1/18 19:00,14.99,15.28
2/1/18 18:30,14.9,15.53
2/1/18 18:00,20.98,21.99
2/1/18 17:30,17.71,18.46
2/1/18 17:00,14.97,15.41
2/1/18 16:30,14.61,14.73
2/1/18 16:00,13.87,14.1
2/1/18 15:30,16.64,17.52
2/1/18 15:00,17.37,18.09
2/1/18 14:30,16.33,17.82
2/1/18 14:00,15.99,18.15
2/1/18 13:30,15.91,18.61
2/1/18 13:00,12.47,14.69
2/1/18 12:30,13.39,15.93
2/1/18 12:00,18.17,22.47
2/1/18 11:30,15.57,17.73
2/1/18 11:00,17.06,20.54
2/1/18 10:30,19.99,24.08
2/1/18 10:00,22.26,25.61
2/1/18 9:30,24.54,27.48
2/1/18 9:00,20.46,21.97
2/1/18 8:30,20.48,21.19
2/1/18 8:00,19.32,19.97
2/1/18 7:30,19.2,19.41
2/1/18 6:30,16.05,16.12
2/1/18 6:00,11.9,12.05
2/1/18 5:30,9.51,9.45
2/1/18 4:30,6.62,6.58
2/1/18 4:00,6.5,6.39
2/1/18 3:30,6.45,6.37
2/1/18 2:30,5.32,5.22
2/1/18 2:00,6.88,6.92
2/1/18 1:30,4.99,5.03
2/1/18 1:00,5.62,5.16
2/1/18 0:30,4.88,4.67
2/1/18 0:00,3.44,2.77
1/1/18 23:30,3.25,3
1/1/18 23:00,3.31,3.31
1/1/18 22:30,3.83,3.12
1/1/18 22:00,4.67,4.13
1/1/18 21:30,5.05,4.99
1/1/18 21:00,5.78,5.22
1/1/18 20:30,4.76,4.19
1/1/18 20:00,4.72,4.8
1/1/18 19:30,5.03,4.26
1/1/18 19:00,5.14,4.28
1/1/18 18:30,6.18,6.23
1/1/18 18:00,6.48,6.27
1/1/18 17:30,6.73,6.52
1/1/18 17:00,6.48,6.48
1/1/18 16:30,5.43,5.37
1/1/18 16:00,4.88,4.99
1/1/18 15:30,4.84,4.86
1/1/18 15:00,4.36,4.02
1/1/18 14:30,4.7,4.67
1/1/18 14:00,5.24,4.97
1/1/18 13:30,4.07,3.88
1/1/18 13:00,3.19,3.29
1/1/18 12:30,3.75,3.63
1/1/18 12:00,3.73,3.25
1/1/18 11:30,3.35,3.21
1/1/18 11:00,3.14,2.89
1/1/18 10:30,3.29,3.31
1/1/18 10:00,3.54,3.4
1/1/18 9:30,3.88,3.79
1/1/18 9:00,3.71,3.67
1/1/18 8:30,4.3,4.38
1/1/18 8:00,3.75,3.12
1/1/18 7:30,3.58,3.27
1/1/18 7:00,4.02,4.25
1/1/18 6:30,4.15,3.69
1/1/18 6:00,4.78,4.13
1/1/18 5:30,5.58,5.6
1/1/18 5:00,4.49,4.13
1/1/18 4:30,4.42,3.81
1/1/18 3:30,7,7.27
1/1/18 3:00,5.01,5.01
1/1/18 2:30,7.67,8.03
1/1/18 2:00,6.58,6.79
1/1/18 1:30,7.29,7.21
1/1/18 1:00,6.77,6.92
1/1/18 0:30,16.77,17.65
1/1/18 0:00,17.27,22.22
31-12-2017 23:30 ,6.31,7.26
31-12-2017 23:00 ,8.22,9.49
31-12-2017 22:30 ,6.64,7.68
31-12-2017 22:00 ,4.69,5.76
31-12-2017 21:30 ,6.54,7.5
31-12-2017 21:00 ,8.24,9.49
31-12-2017 20:30 ,7.44,8.75
31-12-2017 20:00 ,7.04,8.51
31-12-2017 19:30 ,6.9,8.86
31-12-2017 19:00 ,7.78,9.4
31-12-2017 18:30 ,9.47,10.61
31-12-2017 18:00 ,9.81,10.65
31-12-2017 17:30 ,8.38,9.3
31-12-2017 17:00 ,7.17,8.48
31-12-2017 16:30 ,6.22,7.69
31-12-2017 16:00 ,7.55,8.76
31-12-2017 15:30 ,9.24,10.09
31-12-2017 15:00 ,10.29,11.96
31-12-2017 14:30 ,9.68,10.55
31-12-2017 14:00 ,9.28,10.43
31-12-2017 13:30 ,8.11,9.61
31-12-2017 13:00 ,8.45,9.49
31-12-2017 12:30 ,7.76,8.8
31-12-2017 12:00 ,7.52,8.56
31-12-2017 11:30 ,6.73,8.06
31-12-2017 11:00 ,3.92,5.24
31-12-2017 10:30 ,7.57,8.66
31-12-2017 10:00 ,9.01,10.41
31-12-2017 09:30 ,5.36,6.97
31-12-2017 09:00 ,5.74,7.13
31-12-2017 08:30 ,4.42,5.87
31-12-2017 08:00 ,3.39,4.34
31-12-2017 07:30 ,3.6,4.66
31-12-2017 07:00 ,4.95,5.91
31-12-2017 06:30 ,9.43,10.51
31-12-2017 05:30 ,11.4,11.84
31-12-2017 05:00 ,8.87,9.21
31-12-2017 04:30 ,7.54,7.7
31-12-2017 04:00 ,6.88,7.68
31-12-2017 03:30 ,8.24,8.6
31-12-2017 03:00 ,9.68,9.89
31-12-2017 02:30 ,9.54,9.59
31-12-2017 02:00 ,9.6,9.63
31-12-2017 01:30 ,12.53,12.42
31-12-2017 01:00 ,16.35,16.89
31-12-2017 00:30 ,17.92,18.01
31-12-2017 00:00 ,21.09,21.7
30-12-2017 23:30 ,18.67,19.04
30-12-2017 23:00 ,20.58,21.88
30-12-2017 22:30 ,18.3,18.38
30-12-2017 22:00 ,12.83,13.23
30-12-2017 21:30 ,8.55,8.52
30-12-2017 21:00 ,6.88,7.38
30-12-2017 20:30 ,8.28,8.36
30-12-2017 20:00 ,7.15,7.56
30-12-2017 19:30 ,8.34,8.97
30-12-2017 19:00 ,7.9,8.42
30-12-2017 18:30 ,7.88,8.57
30-12-2017 18:00 ,7.32,7.7
30-12-2017 17:30 ,8.38,8.67
30-12-2017 17:00 ,9.95,10.6
30-12-2017 16:30 ,9.75,10.08
30-12-2017 16:00 ,10.1,10.7
30-12-2017 15:30 ,10.37,11.12
30-12-2017 15:00 ,10.92,11.66
30-12-2017 14:30 ,9.45,9.45
30-12-2017 14:00 ,8.84,9.63
30-12-2017 13:30 ,9.91,9.99
30-12-2017 13:00 ,9.41,10.34
30-12-2017 12:30 ,9.22,10.56
30-12-2017 12:00 ,9.29,9.65
30-12-2017 11:30 ,9.12,9.47
30-12-2017 11:00 ,8.41,9.09
30-12-2017 10:30 ,8.01,8.61
30-12-2017 10:00 ,6.94,7.74
30-12-2017 09:30 ,8.28,8.79
30-12-2017 09:00 ,7.44,8.01
30-12-2017 08:30 ,7.4,7.72
30-12-2017 08:00 ,7.78,8.09
30-12-2017 07:30 ,8.59,8.97
30-12-2017 07:00 ,8.95,8.93
30-12-2017 06:30 ,7.96,9.19
30-12-2017 06:00 ,9.16,9.76
30-12-2017 05:30 ,11.32,11.81
30-12-2017 04:30 ,6.56,7.18
30-12-2017 04:00 ,6.81,7.97
30-12-2017 03:30 ,5.58,6.32
30-12-2017 03:00 ,5.01,6.02
30-12-2017 02:30 ,6.31,7.06
30-12-2017 02:00 ,6.41,7.32
30-12-2017 01:30 ,9.79,10.78
30-12-2017 01:00 ,7.63,8.35
30-12-2017 00:30 ,7.11,7.28
30-12-2017 00:00 ,6.92,7.18
29-12-2017 23:30 ,8.57,8.73
29-12-2017 23:00 ,11.69,12.31
29-12-2017 22:30 ,12.49,12.65
29-12-2017 22:00 ,11.3,11.81
29-12-2017 21:30 ,11.97,12.55
29-12-2017 21:00 ,9.28,10.16
29-12-2017 20:30 ,9.03,9.9
29-12-2017 20:00 ,9.68,10.1
29-12-2017 19:30 ,11.38,11.99
29-12-2017 19:00 ,9.51,10.28
29-12-2017 18:30 ,7.84,8.31
29-12-2017 18:00 ,8.8,9.2
29-12-2017 17:30 ,8.13,8.57
29-12-2017 17:00 ,5.37,6.24
29-12-2017 16:30 ,6.2,6.66
29-12-2017 16:00 ,8.76,9.54
29-12-2017 15:30 ,8.55,9.44
29-12-2017 15:00 ,7.31,7.99
29-12-2017 14:30 ,8.01,9.02
29-12-2017 14:00 ,7.19,7.73
29-12-2017 13:30 ,7.44,8.57
29-12-2017 13:00 ,7.21,8.33
29-12-2017 12:30 ,7.78,9.3
29-12-2017 12:00 ,7.65,9.22
29-12-2017 11:30 ,7.46,8.49
29-12-2017 11:00 ,7.73,9.66
29-12-2017 10:30 ,7.27,8.7
29-12-2017 10:00 ,8.3,9.22
29-12-2017 09:30 ,7.44,8.74
29-12-2017 09:00 ,7.75,8.49
29-12-2017 08:30 ,7.82,8.11
29-12-2017 08:00 ,6.94,7.43
29-12-2017 07:30 ,5.89,6.66
29-12-2017 07:00 ,5.2,5.68
29-12-2017 06:30 ,5.05,6.08
29-12-2017 06:00 ,4.23,4.13
29-12-2017 05:30 ,3.65,3.93
29-12-2017 05:00 ,2.72,2.68
29-12-2017 04:30 ,2.08,2.08
29-12-2017 03:30 ,2.66,3.23
29-12-2017 03:00 ,2.28,2.89
29-12-2017 02:30 ,2.81,3.63
29-12-2017 02:00 ,1.63,2.77
29-12-2017 01:30 ,1.87,2.44
29-12-2017 01:00 ,1.78,2.52
29-12-2017 00:30 ,2.58,3.67
29-12-2017 00:00 ,2.31,3.19
28-12-2017 23:30 ,3.1,3.97
28-12-2017 23:00 ,2.1,2.62
28-12-2017 22:30 ,3.1,3.83
28-12-2017 22:00 ,2.56,3.43
28-12-2017 21:30 ,3.42,4.46
28-12-2017 21:00 ,4.13,5.32
28-12-2017 20:30 ,5.09,5.74
28-12-2017 20:00 ,5.68,6.55
28-12-2017 19:30 ,7.13,8.12
28-12-2017 19:00 ,9.91,10.49
28-12-2017 18:30 ,11.25,12.2
28-12-2017 18:00 ,13.87,14.71
28-12-2017 17:30 ,17.27,18.45
28-12-2017 17:00 ,18.95,19.9
28-12-2017 16:30 ,19.89,20.81
28-12-2017 16:00 ,23.26,24.02
28-12-2017 15:30 ,24.02,25.79
28-12-2017 15:00 ,23.73,25.11
28-12-2017 14:30 ,18.44,19.82
28-12-2017 14:00 ,19.34,21.27
28-12-2017 13:30 ,16.91,19.36
28-12-2017 13:00 ,23.12,27.1
28-12-2017 12:30 ,18.07,20.57
28-12-2017 12:00 ,22.07,26.36
28-12-2017 11:30 ,18.21,21.45
28-12-2017 11:00 ,18.49,21.25
28-12-2017 10:30 ,19.83,22.84
28-12-2017 10:00 ,19.37,21.73
28-12-2017 09:30 ,14.82,16.32
28-12-2017 09:00 ,15.7,17.85
28-12-2017 08:30 ,16.85,18.39
28-12-2017 08:00 ,16.89,17.95
28-12-2017 07:30 ,18.57,19.5
28-12-2017 07:00 ,19.37,20.31
28-12-2017 06:30 ,17.46,18.88
28-12-2017 05:30 ,12.28,12.59
28-12-2017 05:00 ,9.66,9.67
28-12-2017 04:30 ,9.45,10.19
28-12-2017 04:00 ,10.48,10.86
28-12-2017 03:30 ,10.14,10.76
28-12-2017 03:00 ,9.47,10.05
28-12-2017 02:30 ,9.51,10.19
28-12-2017 02:00 ,10.4,11.06
28-12-2017 01:30 ,8.78,9.35
28-12-2017 01:00 ,9.91,10.05
28-12-2017 00:30 ,9.31,10.01
28-12-2017 00:00 ,9.31,9.47
27-12-2017 23:30 ,9.43,10.23
27-12-2017 23:00 ,10.96,11.62
27-12-2017 22:30 ,10.52,11.14
27-12-2017 22:00 ,12.91,13.79
27-12-2017 21:30 ,11.82,12.29
27-12-2017 21:00 ,16.64,17.31
27-12-2017 20:30 ,15.76,16.49
27-12-2017 20:00 ,14.04,14.62
27-12-2017 19:30 ,13.25,13.73
27-12-2017 19:00 ,12.24,12.77
27-12-2017 18:30 ,9.52,10.15
27-12-2017 18:00 ,10.92,11.48
27-12-2017 17:30 ,12.81,13.47
27-12-2017 17:00 ,9.35,10.04
27-12-2017 16:30 ,12.93,13.63
27-12-2017 16:00 ,12.58,13.25
27-12-2017 15:30 ,11.78,12.25
27-12-2017 15:00 ,12.74,14.22
27-12-2017 14:30 ,14.61,15.69
27-12-2017 14:00 ,11.9,13.84
27-12-2017 13:30 ,11.4,12.91
27-12-2017 13:00 ,9.81,11.8
27-12-2017 12:30 ,12.01,14.36
27-12-2017 12:00 ,10.69,13.37
27-12-2017 11:30 ,10.52,12.93
27-12-2017 11:00 ,9.49,11.54
27-12-2017 10:30 ,9.35,10.7
27-12-2017 10:00 ,9.79,11.22
27-12-2017 09:30 ,7.57,8.27
27-12-2017 09:00 ,7.78,8.61
27-12-2017 08:30 ,8.4,8.79
27-12-2017 08:00 ,8.53,8.81
27-12-2017 07:30 ,8.28,8.81
27-12-2017 07:00 ,9.37,9.74
27-12-2017 06:30 ,9.75,10.34
27-12-2017 06:00 ,7.57,8.25
27-12-2017 05:30 ,7.96,8.73
27-12-2017 04:30 ,5.16,5.61
27-12-2017 04:00 ,4.32,4.65
27-12-2017 03:30 ,4.21,4.53
27-12-2017 03:00 ,4.69,4.35
27-12-2017 02:30 ,5.2,5.57
27-12-2017 02:00 ,5.34,5.49
27-12-2017 01:30 ,5.18,5.55
27-12-2017 01:00 ,3.81,4.05
27-12-2017 00:30 ,2.6,2.94
27-12-2017 00:00 ,4.61,4.97
26-12-2017 23:30 ,4.13,4.13
26-12-2017 23:00 ,4.21,4.29
26-12-2017 22:30 ,3.27,3.54
26-12-2017 22:00 ,3.06,3.83
26-12-2017 21:30 ,2.85,3.42
26-12-2017 21:00 ,2.83,3.28
26-12-2017 20:30 ,3.46,4.23
26-12-2017 20:00 ,3.44,3.71
26-12-2017 19:30 ,3.63,3.99
26-12-2017 19:00 ,4.63,5.08
26-12-2017 18:30 ,5.41,5.74
26-12-2017 18:00 ,5.43,6.09
26-12-2017 17:30 ,3.12,3.67
26-12-2017 17:00 ,2.98,3.27
26-12-2017 16:30 ,2.93,3.19
26-12-2017 16:00 ,2.28,2.88
26-12-2017 15:30 ,2.64,3.21
26-12-2017 15:00 ,2.98,3.53
26-12-2017 14:30 ,3.14,3.07
26-12-2017 14:00 ,4.32,4.9
26-12-2017 13:30 ,6.46,7.31
26-12-2017 13:00 ,8.19,8.91
26-12-2017 12:30 ,7.59,8.66
26-12-2017 12:00 ,6.35,7.17
26-12-2017 11:30 ,6.01,6.29
26-12-2017 11:00 ,5.79,6.47
26-12-2017 10:30 ,4.63,5.2
26-12-2017 10:00 ,4.19,4.84
26-12-2017 09:30 ,4.26,4.96
26-12-2017 09:00 ,4.4,4.78
26-12-2017 08:30 ,5.01,5.69
26-12-2017 08:00 ,5.87,6.33
26-12-2017 07:30 ,6.94,6.89
26-12-2017 07:00 ,6.43,6.55
26-12-2017 06:30 ,5.87,6.11
26-12-2017 06:00 ,5.76,6.05
26-12-2017 05:30 ,5.55,5.81
26-12-2017 05:00 ,6.87,7.22
26-12-2017 04:30 ,5.37,5.83
26-12-2017 03:30 ,5.34,5.93
26-12-2017 03:00 ,4.93,5.93
26-12-2017 02:30 ,4.65,5.16
26-12-2017 01:30 ,4.26,4.6
26-12-2017 01:00 ,5.05,5.26
26-12-2017 00:30 ,3.06,3.43
26-12-2017 00:00 ,3.5,3.57
25-12-2017 23:30 ,4.51,6.75
25-12-2017 23:00 ,4.11,4.52
25-12-2017 22:30 ,4.44,4.58
25-12-2017 22:00 ,4.59,4.54
25-12-2017 21:30 ,4.59,4.6
25-12-2017 21:00 ,4.19,4
25-12-2017 20:30 ,4,4.56
25-12-2017 20:00 ,4.4,4.64
25-12-2017 19:30 ,5.64,5.75
25-12-2017 19:00 ,5.57,5.63
25-12-2017 18:30 ,4.7,5
25-12-2017 18:00 ,5.39,5.63
25-12-2017 17:30 ,5.16,5.61
25-12-2017 17:00 ,5.18,5.53
25-12-2017 16:30 ,5.11,5.15
25-12-2017 16:00 ,4.8,5.31
25-12-2017 15:30 ,4.46,5.35
25-12-2017 15:00 ,4.74,5.19
25-12-2017 14:30 ,5.18,5.25
25-12-2017 14:00 ,5.55,5.75
25-12-2017 13:30 ,5.39,5.39
25-12-2017 13:00 ,4.49,5.41
25-12-2017 12:30 ,5.11,5.55
25-12-2017 12:00 ,4.72,4.77
25-12-2017 11:30 ,4.25,4.77
25-12-2017 11:00 ,4.21,4.66
25-12-2017 10:30 ,3.96,4.08
25-12-2017 10:00 ,3.61,4.06
25-12-2017 09:30 ,3.48,3.38
25-12-2017 09:00 ,3.54,3.52
25-12-2017 08:30 ,3.71,3.86
25-12-2017 08:00 ,3.84,4.28
25-12-2017 07:30 ,3.69,4.16
25-12-2017 07:00 ,3.31,3.34
25-12-2017 06:30 ,3.44,3.52
25-12-2017 05:30 ,3.06,3.52
25-12-2017 05:00 ,2.79,2.89
25-12-2017 04:30 ,2.35,2.65
25-12-2017 04:00 ,2.43,2.67
25-12-2017 03:30 ,2.56,2.98
25-12-2017 03:00 ,3.16,3
25-12-2017 02:30 ,3.1,2.73
25-12-2017 02:00 ,3.9,4.06
25-12-2017 01:30 ,5.26,5.65
25-12-2017 01:00 ,5.85,5.43
25-12-2017 00:30 ,5.72,4.99
25-12-2017 00:00 ,6.37,5.88
24-12-2017 23:30 ,5.83,5.78
24-12-2017 23:00 ,6.14,6.2
24-12-2017 22:30 ,4.76,5.09
24-12-2017 22:00 ,3.71,3.98
24-12-2017 21:30 ,3.71,3.66
24-12-2017 21:00 ,3.48,3.54
24-12-2017 20:30 ,3.17,2.76
24-12-2017 20:00 ,3.1,3.36
24-12-2017 19:30 ,3.08,3.38
24-12-2017 19:00 ,3.19,3
24-12-2017 18:30 ,3.42,3.58
24-12-2017 18:00 ,3.94,3.93
24-12-2017 17:30 ,5.09,4.93
24-12-2017 17:00 ,6.39,6.1
24-12-2017 16:30 ,6.43,6.16
24-12-2017 16:00 ,7.06,6.93
24-12-2017 15:30 ,6.56,6.34
24-12-2017 15:00 ,6.77,7.03
24-12-2017 14:30 ,7.1,7.21
24-12-2017 14:00 ,7.52,8.17
24-12-2017 13:30 ,8.34,8.17
24-12-2017 13:00 ,8.17,8.86
24-12-2017 12:30 ,7.5,8.72
24-12-2017 12:00 ,6.94,7.47
24-12-2017 11:30 ,6.01,6.38
24-12-2017 11:00 ,5.74,5.76
24-12-2017 10:30 ,4.97,4.75
24-12-2017 10:00 ,5.81,5.96
24-12-2017 09:30 ,3.06,3.04
24-12-2017 09:00 ,3.06,2.9
24-12-2017 08:30 ,2.3,2.04
24-12-2017 08:00 ,1.74,1.89
24-12-2017 07:30 ,2.18,1.71
24-12-2017 07:00 ,2.05,1.97
24-12-2017 06:30 ,1.7,1.61
24-12-2017 06:00 ,1.59,1.67
24-12-2017 05:30 ,1.91,1.71
24-12-2017 04:30 ,1.05,1.41
24-12-2017 04:00 ,1.42,1.63
24-12-2017 03:30 ,1.09,1.31
24-12-2017 03:00 ,1.4,2.06
24-12-2017 02:30 ,1.05,1.63
24-12-2017 02:00 ,1.57,2.16
24-12-2017 01:30 ,1.66,2.16
24-12-2017 01:00 ,2.28,2.38
24-12-2017 00:30 ,3.08,3.89
24-12-2017 00:00 ,3.27,3.45
23-12-2017 23:30 ,3.71,4.07
23-12-2017 23:00 ,3.31,4.03
23-12-2017 22:30 ,2.52,3.16
23-12-2017 22:00 ,3,3.37
23-12-2017 21:30 ,3,3.37
23-12-2017 21:00 ,3.88,4.29
23-12-2017 20:30 ,3.61,4.35
23-12-2017 20:00 ,3.58,3.81
23-12-2017 19:30 ,4.04,4.39
23-12-2017 19:00 ,4.34,4.43
23-12-2017 18:30 ,4.15,4.43
23-12-2017 18:00 ,3.69,4.33
23-12-2017 17:30 ,4.07,4.72
23-12-2017 17:00 ,4.59,5.26
23-12-2017 16:30 ,5.41,6.47
23-12-2017 16:00 ,5.43,6.23
23-12-2017 15:30 ,7.38,8.46
23-12-2017 15:00 ,7.32,8.22
23-12-2017 14:30 ,6.27,6.67
23-12-2017 14:00 ,6.5,6.55
23-12-2017 13:30 ,5.43,6.05
23-12-2017 13:00 ,5.79,6.57
23-12-2017 12:30 ,5.85,6.79
23-12-2017 12:00 ,7.17,8.14
23-12-2017 11:30 ,8.4,9.37
23-12-2017 11:00 ,7.36,7.72
23-12-2017 10:30 ,6.54,7.3
23-12-2017 10:00 ,6.85,7.32
23-12-2017 09:30 ,3.9,4.09
23-12-2017 09:00 ,6.01,6.21
23-12-2017 08:30 ,6.87,6.85
23-12-2017 08:00 ,5.93,6.39
23-12-2017 07:30 ,7.11,7.76
23-12-2017 07:00 ,4.49,5.24
23-12-2017 06:30 ,4.26,4.96
23-12-2017 06:00 ,4.15,4.56
23-12-2017 05:30 ,3.86,4.4
23-12-2017 05:00 ,2.7,3.43
23-12-2017 04:30 ,2.64,3.11
23-12-2017 03:30 ,2.85,2.85
23-12-2017 03:00 ,3.83,3.71
23-12-2017 02:30 ,4.11,4.28
23-12-2017 02:00 ,5.51,5.2
23-12-2017 01:30 ,5.07,5.1
23-12-2017 01:00 ,5.37,4.94
23-12-2017 00:30 ,5.89,5.81
23-12-2017 00:00 ,6.64,6.51
22-12-2017 23:30 ,7.42,7.46
22-12-2017 23:00 ,8.78,8.49
22-12-2017 22:30 ,8.63,8
22-12-2017 22:00 ,9.95,9.96
22-12-2017 21:30 ,12.6,12.15
22-12-2017 21:00 ,9.68,9.88
22-12-2017 20:30 ,11.69,11.91
22-12-2017 20:00 ,11.21,11.69
22-12-2017 19:30 ,12.7,12.72
22-12-2017 19:00 ,14.46,14.55
22-12-2017 18:30 ,16.52,16.76
22-12-2017 18:00 ,17.16,16.92
22-12-2017 17:30 ,18.03,18.23
22-12-2017 17:00 ,20.58,20.22
22-12-2017 16:30 ,23.91,23.49
22-12-2017 16:00 ,25.49,25.04
22-12-2017 15:30 ,23.58,23.47
22-12-2017 15:00 ,22.84,22.92
22-12-2017 14:30 ,16.83,17.33
22-12-2017 14:00 ,17.29,18.54
22-12-2017 13:30 ,20.25,21.86
22-12-2017 13:00 ,24.69,27.09
22-12-2017 12:30 ,22.68,24.25
22-12-2017 12:00 ,13.94,14.79
22-12-2017 11:30 ,12.76,14.37
22-12-2017 11:00 ,16.58,18.01
22-12-2017 10:30 ,24.1,27.03
22-12-2017 10:00 ,26.85,29.27
22-12-2017 09:30 ,24.23,25.62
22-12-2017 09:00 ,16.93,16.99
22-12-2017 08:30 ,14.38,14.67
22-12-2017 08:00 ,15.34,15.07
22-12-2017 07:30 ,20.02,19.77
22-12-2017 07:00 ,22.61,22.32
22-12-2017 06:30 ,20.35,20.39
22-12-2017 05:30 ,11.78,13.08
22-12-2017 05:00 ,7.67,9.14
22-12-2017 04:30 ,5.37,6.72
22-12-2017 04:00 ,4.57,5.41
22-12-2017 03:30 ,4.76,5.85
22-12-2017 03:00 ,5.01,6.04
22-12-2017 02:30 ,5.87,6.98
22-12-2017 02:00 ,5.6,6.64
22-12-2017 01:30 ,4.02,5.01
22-12-2017 01:00 ,3.96,4.99
22-12-2017 00:30 ,5.03,6.26
22-12-2017 00:00 ,4.67,5.57
21-12-2017 23:30 ,4.97,6.54
21-12-2017 23:00 ,6.66,7.85
21-12-2017 22:30 ,6.62,7.85
21-12-2017 22:00 ,6.71,8.03
21-12-2017 21:30 ,7.06,8.05
21-12-2017 21:00 ,8.99,10.1
21-12-2017 20:30 ,9.89,10.99
21-12-2017 20:00 ,9.45,10.67
21-12-2017 19:30 ,10.77,12.16
21-12-2017 19:00 ,11.59,12.74
21-12-2017 18:30 ,12.35,13.53
21-12-2017 18:00 ,13.08,14.27
21-12-2017 17:30 ,12.97,14.23
21-12-2017 17:00 ,16.93,17.78
21-12-2017 16:30 ,20.29,21.1
21-12-2017 16:00 ,27.43,28.87
21-12-2017 15:30 ,26.49,28.18
21-12-2017 15:00 ,31.54,33.34
21-12-2017 14:30 ,30.52,33.18
21-12-2017 14:00 ,24.27,26.8
21-12-2017 13:30 ,27.73,31.24
21-12-2017 13:00 ,20.46,23.51
21-12-2017 12:30 ,19.05,22.51
21-12-2017 12:00 ,14.75,17.42
21-12-2017 11:30 ,12.3,15.32
21-12-2017 11:00 ,14.92,18.4
21-12-2017 10:30 ,17.5,20.84
21-12-2017 10:00 ,21.55,25.63
21-12-2017 09:30 ,25.9,28.95
21-12-2017 09:00 ,26.95,28.49
21-12-2017 08:30 ,21.69,23.01
21-12-2017 08:00 ,21.48,22.69
21-12-2017 07:30 ,20.02,21.02
21-12-2017 07:00 ,17.92,19.13
21-12-2017 06:30 ,13.83,14.65
21-12-2017 06:00 ,10.79,11.63
21-12-2017 05:30 ,6.73,7.64
21-12-2017 04:30 ,3,4.28
21-12-2017 04:00 ,2.49,3.91
21-12-2017 03:30 ,2.56,3.81
21-12-2017 03:00 ,2.89,4.05
21-12-2017 02:30 ,3.25,4.34
21-12-2017 02:00 ,3.83,5.08
21-12-2017 01:30 ,5.41,6.78
21-12-2017 01:00 ,6.54,7.86
21-12-2017 00:30 ,7.82,9.31
21-12-2017 00:00 ,8.66,10.16
20-12-2017 23:30 ,9.89,11.37
20-12-2017 23:00 ,14.61,16.39
20-12-2017 22:30 ,16.58,18.08
20-12-2017 22:00 ,17.33,18.75
20-12-2017 21:30 ,15.84,17.3
20-12-2017 21:00 ,21.5,22.8
20-12-2017 20:30 ,25.74,28.08
20-12-2017 20:00 ,26.95,29.69
20-12-2017 19:30 ,29.32,32.17
20-12-2017 19:00 ,27.85,30.66
20-12-2017 18:30 ,30.85,35.13
20-12-2017 18:00 ,35.84,44.18
20-12-2017 17:30 ,35.69,46.24
20-12-2017 17:00 ,33.7,48.05
20-12-2017 16:30 ,31.88,51.62
20-12-2017 16:00 ,31,49.26
20-12-2017 15:30 ,29.74,44.77
20-12-2017 15:00 ,29.74,42.55
20-12-2017 14:30 ,26.09,34.33
20-12-2017 14:00 ,24.71,32.94
20-12-2017 13:30 ,23.33,30.3
20-12-2017 13:00 ,20.98,26.17
20-12-2017 12:30 ,19.26,23.41
20-12-2017 12:00 ,18.91,22.8
20-12-2017 11:30 ,17.96,21.81
20-12-2017 11:00 ,21.21,39.75
20-12-2017 10:30 ,16.73,19.46
20-12-2017 10:00 ,16.85,19.44
20-12-2017 09:30 ,16.68,18.95
20-12-2017 09:00 ,17.08,19.03
20-12-2017 08:30 ,19.76,21.43
20-12-2017 08:00 ,13.14,14.92
20-12-2017 07:30 ,10.19,11.96
20-12-2017 07:00 ,12.07,13.43
20-12-2017 06:30 ,16.33,17.78
20-12-2017 06:00 ,13.14,14
20-12-2017 05:30 ,12.58,13.79
20-12-2017 05:00 ,8.2,9.18
20-12-2017 04:30 ,6.73,8.27
20-12-2017 03:30 ,10.42,11.19
20-12-2017 03:00 ,8.01,8.6
20-12-2017 02:30 ,8.47,9.18
20-12-2017 02:00 ,8.78,9.46
20-12-2017 01:30 ,9.77,10.61
20-12-2017 01:00 ,11.67,12.79
20-12-2017 00:30 ,11.93,12.47
20-12-2017 00:00 ,16.37,17.16
19-12-2017 23:30 ,24.65,25.79
19-12-2017 23:00 ,25.09,26.31
19-12-2017 22:30 ,23.87,25.53
19-12-2017 22:00 ,29.28,32.88
19-12-2017 21:30 ,50.6,68.43
19-12-2017 21:00 ,42.46,49.21
19-12-2017 20:30 ,19.14,20.49
19-12-2017 20:00 ,15.4,16.6
19-12-2017 19:30 ,47.53,52.97
19-12-2017 19:00 ,36.51,42.21
19-12-2017 18:30 ,21.76,22.2
19-12-2017 18:00 ,20.12,24.18
19-12-2017 17:30 ,23.81,25.08
19-12-2017 17:00 ,40.64,43.28
19-12-2017 16:30 ,49.5,55.45
19-12-2017 16:00 ,52.65,59.61
19-12-2017 15:30 ,43.38,46.93
19-12-2017 15:00 ,26.3,28.15
19-12-2017 14:30 ,22.03,24.1
19-12-2017 14:00 ,19.43,21.78
19-12-2017 13:30 ,15.76,18.35
19-12-2017 13:00 ,12.03,14.02
19-12-2017 12:30 ,17.42,19.22
19-12-2017 12:00 ,21.36,24
19-12-2017 11:30 ,19.99,22.85
19-12-2017 11:00 ,14.97,17.12
19-12-2017 10:30 ,12.76,15.07
19-12-2017 10:00 ,22.43,25.03
19-12-2017 09:30 ,43.59,57.49
19-12-2017 09:00 ,55.37,85.4
19-12-2017 08:30 ,56.07,76.88
19-12-2017 08:00 ,56.4,71.07
19-12-2017 07:30 ,46.34,50.16
19-12-2017 07:00 ,41.9,45.14
19-12-2017 06:30 ,39.17,42.34
19-12-2017 05:30 ,23.75,24.97
19-12-2017 05:00 ,12.32,12.99
19-12-2017 04:30 ,13.41,14.69
19-12-2017 04:00 ,12.41,13.03
19-12-2017 03:30 ,13.04,14.14
19-12-2017 03:00 ,12.6,13.96
19-12-2017 02:30 ,11.97,13.9
19-12-2017 02:00 ,12.47,14.02
19-12-2017 01:30 ,15.64,17.23
19-12-2017 00:30 ,17.6,18.4
19-12-2017 00:00 ,16.75,17.21
18-12-2017 23:30 ,17.14,18.05
18-12-2017 23:00 ,17.75,19.04
18-12-2017 22:30 ,17.35,18.4
18-12-2017 22:00 ,14.92,16.08
18-12-2017 21:30 ,13.92,14.49
18-12-2017 21:00 ,12.26,13.26
18-12-2017 20:30 ,10.82,11.69
18-12-2017 20:00 ,9.75,10.9
18-12-2017 19:30 ,12.28,13.38
18-12-2017 19:00 ,13.87,14.98
18-12-2017 18:30 ,16.37,17.13
18-12-2017 18:00 ,18.67,20.49
18-12-2017 17:30 ,18.59,20.57
18-12-2017 17:00 ,17.12,18.62
18-12-2017 16:30 ,18.11,20.21
18-12-2017 16:00 ,20.08,21.84
18-12-2017 15:30 ,20.02,21.34
18-12-2017 15:00 ,16.89,18.46
18-12-2017 14:30 ,16.26,18.34
18-12-2017 14:00 ,16.39,19.37
18-12-2017 13:30 ,12.93,15.62
18-12-2017 13:00 ,11.17,12.75
18-12-2017 12:30 ,11.36,13.25
18-12-2017 12:00 ,14.02,16.61
18-12-2017 11:30 ,10.98,12.56
18-12-2017 11:00 ,13.62,15.99
18-12-2017 10:30 ,15.82,17.7
18-12-2017 10:00 ,12.14,13.79
18-12-2017 09:30 ,13.5,15.54
18-12-2017 09:00 ,14.15,15.72
18-12-2017 08:30 ,11.49,12.71
18-12-2017 08:00 ,10.82,13.17
18-12-2017 07:30 ,12.97,14.68
18-12-2017 07:00 ,10.12,11.64
18-12-2017 06:30 ,16.12,18
18-12-2017 06:00 ,15.99,17.6
18-12-2017 05:30 ,13.87,14.9
18-12-2017 04:30 ,6.81,7.24
18-12-2017 04:00 ,6.9,7.61
18-12-2017 03:30 ,5.81,6.62
18-12-2017 03:00 ,6.83,7.75
18-12-2017 02:30 ,5.78,6.46
18-12-2017 02:00 ,6.02,6.82
18-12-2017 01:30 ,5.81,6.86
18-12-2017 01:00 ,5.14,6.04
18-12-2017 00:30 ,6.45,7.36
18-12-2017 00:00 ,6.12,6.58
17-12-2017 23:30 ,8.34,9.3
17-12-2017 23:00 ,9.41,10.16
17-12-2017 22:30 ,7.21,8.03
17-12-2017 22:00 ,10.4,11.33
17-12-2017 21:30 ,8.74,9.96
17-12-2017 21:00 ,13.52,14.69
17-12-2017 20:30 ,19.6,21.4
17-12-2017 20:00 ,19.91,21.1
17-12-2017 19:30 ,20.27,22.17
17-12-2017 19:00 ,20.64,22.15
17-12-2017 18:30 ,21.9,23.23
17-12-2017 18:00 ,27.71,29.25
17-12-2017 17:30 ,32.24,35.48
17-12-2017 17:00 ,35.27,40.25
17-12-2017 16:30 ,39.74,44.05
17-12-2017 16:00 ,34.69,37.03
17-12-2017 15:30 ,38.4,42
17-12-2017 15:00 ,36.18,40.31
17-12-2017 14:30 ,22.26,25.06
17-12-2017 14:00 ,14.9,17.75
17-12-2017 13:30 ,8.63,10.76
17-12-2017 13:00 ,7.76,9.49
17-12-2017 12:30 ,13.14,15.54
17-12-2017 12:00 ,27.06,45.31
17-12-2017 11:30 ,37.06,73.6
17-12-2017 11:00 ,35.48,60.88
17-12-2017 10:30 ,28.25,40.97
17-12-2017 10:00 ,27.21,41.53
17-12-2017 09:30 ,23.66,34.38
17-12-2017 09:00 ,22.28,27.47
17-12-2017 08:30 ,19.76,23.31
17-12-2017 08:00 ,15.07,17.87
17-12-2017 07:30 ,11.28,12.57
17-12-2017 07:00 ,8.97,10.82
17-12-2017 06:30 ,4.74,5.78
17-12-2017 06:00 ,3.77,4.71
17-12-2017 05:30 ,4.28,5.33
17-12-2017 05:00 ,2.81,4.41
17-12-2017 04:30 ,3.54,4.81
17-12-2017 03:30 ,6.41,8.23
17-12-2017 03:00 ,6.75,8.07
17-12-2017 02:30 ,6.25,7.78
17-12-2017 02:00 ,5.6,6.74
17-12-2017 01:30 ,7.06,8.07
17-12-2017 01:00 ,8.4,9.29
17-12-2017 00:30 ,10.58,11.78
17-12-2017 00:00 ,9.12,10.33
16-12-2017 23:30 ,7.57,9.42
16-12-2017 23:00 ,15.28,17.13
16-12-2017 22:30 ,11.15,12.68
16-12-2017 22:00 ,15.22,17.29
16-12-2017 21:30 ,19.32,20.96
16-12-2017 21:00 ,29.05,31.38
16-12-2017 20:30 ,29.72,32.4
16-12-2017 20:00 ,45.84,49.6
16-12-2017 19:30 ,39.38,42.46
16-12-2017 19:00 ,46.36,50.32
16-12-2017 18:30 ,41.33,43.86
16-12-2017 18:00 ,41.96,44.16
16-12-2017 17:30 ,47.66,51.21
16-12-2017 17:00 ,47.54,51.01
16-12-2017 16:30 ,40.95,43.02
16-12-2017 16:00 ,23.91,25.66
16-12-2017 15:30 ,18.8,20.64
16-12-2017 15:00 ,12.41,13.88
16-12-2017 14:30 ,6.29,7.8
16-12-2017 14:00 ,6.79,9.1
16-12-2017 13:30 ,8.64,11.47
16-12-2017 13:00 ,6.48,9.21
16-12-2017 12:30 ,8.11,11.03
16-12-2017 12:00 ,7.98,11.23
16-12-2017 11:30 ,10.48,14.53
16-12-2017 11:00 ,15.05,20.1
16-12-2017 10:30 ,15.17,21.01
16-12-2017 10:00 ,18.78,24.98
16-12-2017 09:30 ,20.04,25.82
16-12-2017 09:00 ,18.47,21.55
16-12-2017 08:30 ,16.28,18.48
16-12-2017 08:00 ,20.48,22.79
16-12-2017 07:30 ,22.51,24.63
16-12-2017 07:00 ,17.96,19.72
16-12-2017 06:30 ,10.71,12.71
16-12-2017 05:30 ,12.51,13.65
16-12-2017 05:00 ,10.58,12.33
16-12-2017 04:30 ,6.83,8.86
16-12-2017 04:00 ,5.07,6.53
16-12-2017 03:30 ,5.32,6.63
16-12-2017 03:00 ,5.13,6.05
16-12-2017 02:30 ,5.76,7.44
16-12-2017 02:00 ,6.85,8.38
16-12-2017 01:30 ,9.64,11.4
16-12-2017 01:00 ,12.28,13.93
16-12-2017 00:30 ,15.36,17.08
16-12-2017 00:00 ,16.24,17.98
15-12-2017 23:30 ,15.09,15.88
15-12-2017 23:00 ,21.78,22.49
15-12-2017 22:30 ,28.59,29.41
15-12-2017 22:00 ,31.17,32.57
15-12-2017 21:30 ,31.48,33.56
15-12-2017 21:00 ,29.93,31.71
15-12-2017 20:30 ,38.19,40.58
15-12-2017 20:00 ,38.46,40.64
15-12-2017 19:30 ,36.55,39.35
15-12-2017 19:00 ,45.61,56.33
15-12-2017 18:30 ,46.15,57.68
15-12-2017 18:00 ,45.33,58.96
15-12-2017 17:30 ,42.04,55.29
15-12-2017 17:00 ,41.33,58.06
15-12-2017 16:30 ,42.06,58.04
15-12-2017 16:00 ,40.03,52.65
15-12-2017 15:30 ,39.86,54.97
15-12-2017 15:00 ,32.55,42.26
15-12-2017 14:30 ,20.02,23.23
15-12-2017 14:00 ,19.18,23.03
15-12-2017 13:30 ,19.11,22.69
15-12-2017 13:00 ,17.71,19.19
15-12-2017 12:30 ,22.36,24.05
15-12-2017 12:00 ,18.25,20.05
15-12-2017 11:30 ,15.95,17.34
15-12-2017 11:00 ,17.48,18.69
15-12-2017 10:30 ,19.62,20.61
15-12-2017 10:00 ,25.53,27.38
15-12-2017 09:30 ,29.15,31.58
15-12-2017 09:00 ,25.7,27.26
15-12-2017 08:30 ,24.9,25.76
15-12-2017 08:00 ,24.15,25.11
15-12-2017 07:30 ,22.66,23.31
15-12-2017 07:00 ,21.42,21.87
15-12-2017 06:30 ,17.35,17.95
15-12-2017 06:00 ,12.51,12.88
15-12-2017 05:30 ,7.5,7.89
15-12-2017 04:30 ,5.11,5.57
15-12-2017 04:00 ,6.18,6.65
15-12-2017 03:30 ,5.66,6.29
15-12-2017 03:00 ,5.83,6.05
15-12-2017 02:30 ,5.6,6.01
15-12-2017 02:00 ,5.24,5.85
15-12-2017 01:30 ,5.2,5.41
15-12-2017 01:00 ,5.28,5.49
15-12-2017 00:30 ,5.26,5.33
15-12-2017 00:00 ,5.47,5.81
14-12-2017 23:30 ,5.45,5.81
14-12-2017 23:00 ,5.81,5.81
14-12-2017 22:30 ,6.35,6.37
14-12-2017 22:00 ,6.37,6.61
14-12-2017 21:30 ,5.7,6.19
14-12-2017 21:00 ,5.87,6.17
14-12-2017 20:30 ,6.39,7.09
14-12-2017 20:00 ,7,7.55
14-12-2017 19:30 ,8.43,8.71
14-12-2017 19:00 ,9.39,9.89
14-12-2017 18:30 ,10.23,10.63
14-12-2017 18:00 ,10.1,10.51
14-12-2017 17:30 ,9.89,10.31
14-12-2017 17:00 ,10.16,10.75
14-12-2017 16:30 ,11.8,11.99
14-12-2017 16:00 ,12.62,12.93
14-12-2017 15:30 ,14.25,14.69
14-12-2017 15:00 ,13.25,13.78
14-12-2017 14:30 ,14.46,15.28
14-12-2017 14:00 ,11.78,12.74
14-12-2017 13:30 ,10.25,11.16
14-12-2017 13:00 ,8.93,9.44
14-12-2017 12:30 ,9.07,9.86
14-12-2017 12:00 ,10.44,11.34
14-12-2017 11:30 ,10.56,11.4
14-12-2017 11:00 ,11.72,12.6
14-12-2017 10:30 ,16.33,17.61
14-12-2017 10:00 ,20.25,21.87
14-12-2017 09:30 ,21.53,23.73
14-12-2017 09:00 ,23.1,24.39
14-12-2017 08:30 ,17.04,17.66
14-12-2017 08:00 ,15.72,16.72
14-12-2017 07:30 ,15.99,17.44
14-12-2017 07:00 ,16.1,17.66
14-12-2017 06:30 ,14.71,15.88
14-12-2017 06:00 ,11.69,12.84
14-12-2017 05:30 ,10.38,11.46
14-12-2017 05:00 ,9.2,10.1
14-12-2017 04:30 ,6.94,7.4
14-12-2017 03:30 ,5.91,6.21
14-12-2017 03:00 ,5.34,5.89
14-12-2017 02:30 ,7.19,7.79
14-12-2017 02:00 ,8.24,8.94
14-12-2017 01:30 ,8.26,8.71
14-12-2017 01:00 ,8.36,8.69
14-12-2017 00:30 ,9.37,9.53
14-12-2017 00:00 ,8.66,9.06
13-12-2017 23:30 ,8.15,8.48
13-12-2017 23:00 ,7.84,8.04
13-12-2017 22:30 ,7.67,8.32
13-12-2017 22:00 ,7.23,7.76
13-12-2017 21:30 ,7.63,8.2
13-12-2017 21:00 ,7.94,8.98
13-12-2017 20:30 ,7.84,8.22
13-12-2017 20:00 ,8.47,9.14
13-12-2017 19:30 ,8.28,8.96
13-12-2017 19:00 ,8.72,9.72
13-12-2017 18:30 ,9.16,10.36
13-12-2017 18:00 ,10.4,11.49
13-12-2017 17:30 ,10.38,11.59
13-12-2017 17:00 ,10.61,11.59
13-12-2017 16:30 ,12.81,14.23
13-12-2017 16:00 ,11.78,13.05
13-12-2017 15:30 ,12.41,14.07
13-12-2017 15:00 ,12.37,13.57
13-12-2017 14:30 ,11.97,13.35
13-12-2017 14:00 ,12.57,14.97
13-12-2017 13:30 ,12.51,14.29
13-12-2017 13:00 ,11.7,13.33
13-12-2017 12:30 ,11.95,13.33
13-12-2017 12:00 ,12.28,14.43
13-12-2017 11:30 ,12.78,16.01
13-12-2017 11:00 ,13.41,16.17
13-12-2017 10:30 ,12.41,14.39
13-12-2017 10:00 ,12.49,14.49
13-12-2017 09:30 ,11.02,12.68
13-12-2017 09:00 ,11.36,12.54
13-12-2017 08:30 ,10.6,11.82
13-12-2017 08:00 ,11.59,12.98
13-12-2017 07:30 ,10.6,11.52
13-12-2017 07:00 ,10.65,11.5
13-12-2017 06:30 ,9.72,10.51
13-12-2017 06:00 ,8.99,9.59
13-12-2017 05:30 ,8.3,8.91
13-12-2017 05:00 ,8.55,8.97
13-12-2017 04:30 ,7.42,7.98
13-12-2017 03:30 ,8.7,9.07
13-12-2017 03:00 ,8.8,9.55
13-12-2017 02:30 ,8.7,9.25
13-12-2017 02:00 ,7.9,8.37
13-12-2017 01:30 ,7.27,7.98
13-12-2017 01:00 ,7.46,8.31
13-12-2017 00:30 ,7.17,7.86
13-12-2017 00:00 ,6.12,7.18
12/12/17 23:30,7.8,8.95
12/12/17 23:00,8.53,9.09
12/12/17 22:30,9.77,10.35
12/12/17 22:00,13.27,14.16
12/12/17 21:30,14.27,15.16
12/12/17 21:00,16.6,17.73
12/12/17 20:30,19.3,20.62
12/12/17 20:00,13.96,15.52
12/12/17 19:30,12.55,13.81
12/12/17 19:00,12.58,14.34
12/12/17 18:30,11.53,13.17
12/12/17 18:00,11.25,12.77
12/12/17 17:30,13.83,14.64
12/12/17 17:00,10.79,12.19
12/12/17 16:30,16.31,17.43
12/12/17 16:00,13.75,15.08
12/12/17 15:30,16.1,17.43
12/12/17 15:00,14.32,16.04
12/12/17 14:30,16.06,18.15
12/12/17 14:00,17.17,19.74
12/12/17 13:30,16.01,18.15
12/12/17 13:00,15.72,18.37
12/12/17 12:30,15.38,18.09
12/12/17 12:00,16.77,19.78
12/12/17 11:30,16.05,19.7
12/12/17 11:00,23.47,27.79
12/12/17 10:30,24.31,31.5
12/12/17 10:00,26.24,38.55
12/12/17 9:30,27.41,39.07
12/12/17 9:00,30.64,45.07
12/12/17 8:30,33.16,50.8
12/12/17 8:00,32.74,49.35
12/12/17 7:30,34.41,53.06
12/12/17 7:00,37.2,61.28
12/12/17 6:30,33.93,49.21
12/12/17 5:30,23.35,27.03
12/12/17 5:00,19.45,21.86
12/12/17 4:30,17.1,18.69
12/12/17 4:00,16.41,17.88
12/12/17 3:30,12.68,14.63
12/12/17 3:00,13.79,15.92
12/12/17 2:30,12.93,15.03
12/12/17 2:00,21.04,22.87
12/12/17 1:30,22.09,24.14
12/12/17 0:30,29.51,31.31
12/12/17 0:00,34.52,40.5
11/12/17 23:30,36.38,39.67
11/12/17 23:00,27.52,28.13
11/12/17 22:30,29.2,30.55
11/12/17 22:00,33.74,35.29
11/12/17 21:30,31.04,32.54
11/12/17 21:00,21.71,24.05
11/12/17 20:30,11.25,12.09
11/12/17 20:00,10.88,11.68
11/12/17 19:30,15.87,16.76
11/12/17 19:00,18.84,19.27
11/12/17 18:30,17.08,18.15
11/12/17 18:00,18.44,19.69
11/12/17 17:30,23.64,26.01
11/12/17 17:00,34.12,36.76
11/12/17 16:30,25.99,28.62
11/12/17 16:00,26.47,29.67
11/12/17 15:30,34.62,38.82
11/12/17 15:00,30.22,32.38
11/12/17 14:30,26.72,30.63
11/12/17 14:00,23.66,26.36
11/12/17 13:30,30.66,35.05
11/12/17 13:00,29.28,32.26
11/12/17 12:30,27.67,30.53
11/12/17 12:00,18.88,20.31
11/12/17 11:30,21.99,23.44
11/12/17 11:00,25.09,27.14
11/12/17 10:30,23.52,25.23
11/12/17 10:00,22.8,24.89
11/12/17 9:30,27.64,30.33
11/12/17 9:00,25.11,27.8
11/12/17 8:30,31.94,34.43
11/12/17 8:00,37.81,41.15
11/12/17 7:30,25.61,27.14
11/12/17 7:00,25.9,28.14
11/12/17 6:30,13.83,14.51
11/12/17 6:00,6.43,7.8
11/12/17 5:30,8.91,9.98
11/12/17 4:30,4.95,4.88
11/12/17 4:00,3.94,4.26
11/12/17 3:30,5.74,6.03
11/12/17 3:00,6.48,6.11
11/12/17 2:30,5.32,5.32
11/12/17 2:00,7.44,7.99
11/12/17 1:30,8.72,9.23
11/12/17 1:00,8.59,8.33
11/12/17 0:30,7.82,7.83
11/12/17 0:00,8.26,8.05
10/12/17 23:30,7.92,7.59
10/12/17 23:00,6.79,7.05
10/12/17 22:30,5.6,5.97
10/12/17 22:00,6.5,6.43
10/12/17 21:30,5.76,6.05
10/12/17 21:00,5.49,5.5
10/12/17 20:30,6.64,6.73
10/12/17 20:00,7.08,7.61
10/12/17 19:30,7.57,7.81
10/12/17 19:00,6.67,7.01
10/12/17 18:30,5.49,5.96
10/12/17 18:00,5.85,5.86
10/12/17 17:30,7.1,7.67
10/12/17 17:00,5.68,5.78
10/12/17 16:30,5.95,6.08
10/12/17 16:00,7.5,7.47
10/12/17 15:30,8.49,8.56
10/12/17 15:00,9.81,10.24
10/12/17 14:30,7.31,7.76
10/12/17 14:00,7.52,8.3
10/12/17 13:30,7.4,7.92
10/12/17 13:00,7.69,8.34
10/12/17 12:30,8.09,8.48
10/12/17 12:00,6.67,7.34
10/12/17 11:30,6.5,6.9
10/12/17 11:00,7.88,8
10/12/17 10:30,7.61,7.94
10/12/17 10:00,7.08,7.78
10/12/17 9:30,6.62,6.9
10/12/17 9:00,6.9,7.38
10/12/17 8:30,6.48,6.72
10/12/17 8:00,5.68,6.16
10/12/17 7:30,5.16,5.41
10/12/17 7:00,3.33,3.41
10/12/17 6:30,2.81,3.17
10/12/17 6:00,2.87,3.29
10/12/17 5:30,2.37,2.73
10/12/17 5:00,2.2,2.39
10/12/17 4:30,2.1,2.07
10/12/17 3:30,2.12,2.19
10/12/17 3:00,1.91,2.43
10/12/17 2:30,1.59,1.77
10/12/17 2:00,2.08,2.13
10/12/17 1:30,1.89,2.32
10/12/17 1:00,3.54,3.83
10/12/17 0:30,3.75,3.78
10/12/17 0:00,3.35,3.48