Timestamp,Solar Radiation,Relative Humidity,Temperature,Wind Direction,Wind Speed
9/1/18 6:30,0.08,86.67,0.74,67.34382,6.46
9/1/18 6:00,0.09,85.04,1.53,72.32389,5.08
9/1/18 5:30,0.09,84.11,1.93,77.24911,4.77
9/1/18 5:00,0.09,82.8,2.24,84.94275,3.85
9/1/18 4:30,0.09,82.99,2.24,87.75913,3.82
9/1/18 4:00,0.13,83.76,2.06,86.9357,4.52
9/1/18 3:30,0.19,83.74,2.12,99.36152,4.23
9/1/18 3:00,0.24,84.3,2.19,99.88688,3.89
9/1/18 2:30,0.22,85.49,2,98.58594,3.69
9/1/18 2:00,0.17,87.9,1.62,104.2705,3.53
9/1/18 1:30,0.1,89.89,1.09,104.1587,3.3
9/1/18 1:00,0.11,90.14,1.07,92.39645,3.09
9/1/18 0:30,0.12,90.87,0.93,92.31004,3.31
9/1/18 0:00,0.11,91.82,0.81,103.4669,3.17
8/1/18 23:30,0.15,91.14,0.94,100.7605,3.1
8/1/18 23:00,0.12,91.17,1.28,101.8024,3.01
8/1/18 22:30,0.12,92.36,1.34,104.6053,2.52
8/1/18 22:00,0.09,92.86,0.5,105316,1.5
8/1/18 21:30,0.1,91.8,-0.05,135.6276,1.78
8/1/18 21:00,0.1,90.2,0.67,118.6105,2.04
8/1/18 20:30,0.1,92.11,0.66,120.8721,2.03
8/1/18 20:00,0.11,88.6,1.08,131959,2.59
8/1/18 19:30,0.1,86.7,1.85,96.08031,2.26
8/1/18 19:00,0.11,86.13,2.26,98.48895,2.21
8/1/18 18:30,0.11,86.81,1.92,67.83782,2.05
8/1/18 18:00,0.07,85.09,2.3,85.58249,1.72
8/1/18 17:30,0.09,81.76,3.03,93.24649,2.01
8/1/18 17:00,0.09,81.12,3.18,97.90717,1.89
8/1/18 16:30,0.09,80.88,3.29,85.93193,2.05
8/1/18 16:00,0.54,79.66,3.66,90.85693,2.13
8/1/18 15:30,5.91,78.87,3.86,92.28101,1.96
8/1/18 15:00,38.58,80.28,3.51,80.65839,2.02
8/1/18 14:30,76.96,82.5,2.63,56.14161,2.1
8/1/18 14:00,111.96,79.83,2.65,52.07231,1.85
8/1/18 13:30,141.88,79.48,2.32,51.04796,1.6
8/1/18 13:00,164.29,79.21,2.18,22.64831,1.14
8/1/18 12:30,179.8,79.9,1.89,334.9909,1.6
8/1/18 12:00,185.09,80.06,1.45,284.3968,2.11
8/1/18 11:30,181.78,80.37,0.88,279.6091,2.18
8/1/18 11:00,171.55,80.24,0.58,263.7966,2.4
8/1/18 10:30,142.45,81.75,0.1,253.9417,2.97
8/1/18 10:00,110.78,83.53,-0.29,249935,2.53
8/1/18 9:30,73.51,85.44,-0.66,246.3027,2.62
8/1/18 9:00,27.35,86.56,-0.95,247.3259,2.98
8/1/18 8:30,7.2,87.06,-1.07,254.6817,3.47
8/1/18 8:00,0.19,87.27,-1.3,253504,3.58
8/1/18 7:30,0.03,86.67,-1.3,250898,3.6
8/1/18 7:00,0.03,85.95,-1.45,249.7174,3.76
8/1/18 6:30,0.03,85.3,-1.49,250.3149,3.74
8/1/18 6:00,0.03,84.99,-1.66,234.3236,3.42
8/1/18 5:30,0.03,84.07,-1.54,238.0071,3.07
8/1/18 5:00,0.03,83.47,-1.34,250.8112,2.72
8/1/18 4:30,0.03,82.8,-1.46,246.3104,2.98
8/1/18 4:00,0.03,81.94,-1.68,240.0223,3.42
8/1/18 3:30,0.03,81.1,-1.76,229.4502,2.9
8/1/18 3:00,0.03,80.53,-1.46,238.2691,3.43
8/1/18 2:30,0.03,79.1,-1.12,246.5389,3.82
8/1/18 2:00,0.03,79.22,-1.42,247.8737,3.55
8/1/18 1:30,0.03,81.07,-1.78,224.66,2.14
8/1/18 1:00,0.03,81.01,-1.87,213.2012,2.54
8/1/18 0:30,0.03,80.77,-1.9,208425,2.34
8/1/18 0:00,0.03,79.21,-1.68,234.9406,2.51
7/1/18 23:30,0.03,77.42,-1.43,227.2704,3
7/1/18 23:00,0.03,76.75,-1.57,222.5968,2.85
7/1/18 22:30,0.03,77.84,-1.68,222.2656,2.68
7/1/18 22:00,0.03,78.06,-1.45,227.5762,2.6
7/1/18 21:30,0.03,79.15,-1.43,216.3744,2.15
7/1/18 21:00,0.03,80.64,-1.56,214.4839,2.44
7/1/18 20:30,0.03,80.22,-1.41,213.8241,2.57
7/1/18 20:00,0.03,79.56,-1.31,221.4185,2.7
7/1/18 19:30,0.03,77.56,-0.92,227.4172,3.07
7/1/18 19:00,0.03,76.5,-0.75,229.6174,3.43
7/1/18 18:30,0.03,76.75,-0.69,232.0823,3.01
7/1/18 18:00,0.03,76.98,-0.55,233489,2.98
7/1/18 17:30,0.03,75.99,-0.35,225.5162,2.94
7/1/18 17:00,0.03,74.78,-0.1,212.0179,2.52
7/1/18 16:30,0.03,74.74,0.25,223.4204,2.61
7/1/18 16:00,0.04,73.88,0.57,222.4438,2.38
7/1/18 15:30,9.65,71.3,0.99,229.6309,2.21
7/1/18 15:00,42.26,68.12,1.4,219.8963,2.28
7/1/18 14:30,82.65,67.26,1.38,220.4462,2.59
7/1/18 14:00,120.75,65.58,1.43,227.8495,2.34
7/1/18 13:30,152.76,65.58,1.26,248.1986,2
7/1/18 13:00,176.14,64.8,1.13,246098,1.74
7/1/18 12:30,189.92,65.59,0.83,262.1426,1.58
7/1/18 12:00,192.3,66.11,0.81,265.4165,1.32
7/1/18 11:30,186.44,67.49,0.96,259.2589,0.74
7/1/18 11:00,172.22,68.8,0.46,267.4579,0.67
7/1/18 10:30,148.58,71.26,-0.35,256414,0.7
7/1/18 10:00,116.7,73.63,-1.16,274.7036,0.85
7/1/18 9:30,79.45,75.12,-1.7,288.5849,1.19
7/1/18 9:00,26.2,74.64,-2.06,295.9395,1.6
7/1/18 8:30,4.52,73.74,-2.37,315.9309,2.07
7/1/18 8:00,0.05,72.9,-2.35,319.9516,2.66
7/1/18 7:30,0.03,71.88,-2.52,313.1874,2.31
7/1/18 7:00,0.03,71.01,-2.37,316.2812,2.22
7/1/18 6:30,0.03,73.65,-2.55,313.7567,2.18
7/1/18 6:00,0.03,74.71,-2.77,319.1471,3
7/1/18 5:30,0.03,76.13,-2.85,316.8596,2.39
7/1/18 5:00,0.03,75.54,-2.65,319.3847,2.71
7/1/18 4:30,0.03,75.32,-2.67,325.9259,2.54
7/1/18 4:00,0.03,73.05,-2.38,322.7404,3.11
7/1/18 3:30,0.03,72.6,-2.28,329.1942,2.7
7/1/18 3:00,0.03,72.91,-2.15,335.5029,2.83
7/1/18 2:30,0.03,75.34,-2.25,322.0437,3.08
7/1/18 2:00,0.03,74.62,-1.93,323.7261,2.64
7/1/18 1:30,0.03,74.71,-1.92,325.1455,1.89
7/1/18 1:00,0.03,75.54,-1.94,321.3596,2.43
7/1/18 0:30,0.03,74.79,-1.87,318.6051,2.9
7/1/18 0:00,0.03,74.28,-1.74,316.4735,3.06
6/1/18 23:30,0.03,75.39,-1.71,315.4107,2.94
6/1/18 23:00,0.03,69.87,-0.88,329.3952,2.38
6/1/18 22:30,0.03,68.74,-0.67,1.574329,3.97
6/1/18 22:00,0.03,69.52,-0.78,5.038855,5.27
6/1/18 21:30,0.03,70.85,-0.82,2.679974,4.84
6/1/18 21:00,0.04,70.68,-0.74,359.1375,4.86
6/1/18 20:30,0.04,71.86,-0.79,350.6009,5.03
6/1/18 20:00,0.04,73.12,-0.62,348562,4.56
6/1/18 19:30,0.03,73.96,-0.45,327.8002,3.69
6/1/18 19:00,0.03,76.5,-0.37,315.5355,3.76
6/1/18 18:30,0.03,79.92,-0.21,309.9759,3.73
6/1/18 18:00,0.03,80.54,0.07,307.3584,3.52
6/1/18 17:30,0.03,81.11,0.37,311.2218,3.24
6/1/18 17:00,0.03,83.76,0.67,308.4408,3.51
6/1/18 16:30,0.03,85.42,1.05,304.7395,3.01
6/1/18 16:00,0.05,84.43,1.35,315372,3.12
6/1/18 15:30,4.77,83.57,1.73,319.1539,3.47
6/1/18 15:00,15.37,85.34,1.97,324.5173,3.64
6/1/18 14:30,14.74,84.9,2.48,324.0395,3.79
6/1/18 14:00,40.34,86.38,2.66,301.8979,2.85
6/1/18 13:30,60.74,87.69,2.47,313.3334,2.04
6/1/18 13:00,95.12,89.8,2.17,323.3876,1.65
6/1/18 12:30,84.04,90.02,2.01,300.1074,2.2
6/1/18 12:00,68.64,89.22,1.91,283.3092,1.85
6/1/18 11:30,61.14,89.86,1.76,273.6572,1.5
6/1/18 11:00,67.25,91.04,1.45,286.5698,1.39
6/1/18 10:30,41.66,91.16,0.97,297.9622,1.98
6/1/18 10:00,10.82,91.06,0.98,293.3049,1.8
6/1/18 9:30,8.38,89.99,1.13,295.5845,2.46
6/1/18 9:00,4.2,88.07,1.34,305302,2.02
6/1/18 8:30,1.29,87.14,1.49,294.8637,2.13
6/1/18 8:00,0.07,84.67,1.76,289.1243,1.7
6/1/18 7:30,0.06,84.26,1.9,276.8671,1.37
6/1/18 7:00,0.06,83.73,1.86,264.5125,1.88
6/1/18 6:30,0.06,83.76,1.72,257.8719,2.33
6/1/18 6:00,0.06,83.92,1.58,266.4821,2.28
6/1/18 5:30,0.03,83.97,1.5,260.0679,1.84
6/1/18 5:00,0.03,84.33,1.52,253.5121,2.1
6/1/18 4:30,0.05,84.22,1.65,247.6135,2.45
6/1/18 4:00,0.03,84.26,1.72,245.5175,2.31
6/1/18 3:30,0.03,84.41,1.73,232705,1.99
6/1/18 3:00,0.03,84.71,1.7,238.6097,2.34
6/1/18 2:30,0.04,84.14,1.67,221.9516,2.19
6/1/18 2:00,0.03,82.43,1.94,233.0337,1.76
6/1/18 1:30,0.06,82.02,1.83,253.2889,2.39
6/1/18 1:00,0.04,81.29,1.94,263.62,2.24
6/1/18 0:30,0.05,79.62,2.12,243.2202,2.95
6/1/18 0:00,0.06,81.36,2.12,221.7246,2.71
5/1/18 23:30,0.06,82.83,2.07,232.8884,2.44
5/1/18 23:00,0.09,82.9,2.06,223.7232,3.19
5/1/18 22:30,0.09,82.34,2.14,216.2026,3.11
5/1/18 22:00,0.06,80.75,2.13,222.1928,3.22
5/1/18 21:30,0.03,78.9,2.16,244.3334,3.06
5/1/18 21:00,0.06,77.46,2.46,235.3973,2.52
5/1/18 20:30,0.06,77.8,2.54,241.7984,2.77
5/1/18 20:00,0.09,80.41,2.5,240.8178,3.35
5/1/18 19:30,0.1,82.14,2.55,248.2204,3.87
5/1/18 19:00,0.07,84.37,2.58,250.5467,3.6
5/1/18 18:30,0.06,86.27,2.61,247.1721,3.36
5/1/18 18:00,0.07,87.54,2.69,251.6396,3.81
5/1/18 17:30,0.08,87.05,2.92,277.8577,2.24
5/1/18 17:00,0.06,86.35,2.97,274.7636,2.78
5/1/18 16:30,0.06,86.38,3.39,265.1044,2.93
5/1/18 16:00,0.21,87.3,3.44,258.6201,2.78
5/1/18 15:30,4.54,85.5,3.45,247.9586,3.35
5/1/18 15:00,21.01,83.1,3.42,268.4055,2.54
5/1/18 14:30,27.67,83.82,3.16,282.4515,2.56
5/1/18 14:00,34.09,84.55,3,298951,2.71
5/1/18 13:30,92.64,85.45,3.2,298309,3.4
5/1/18 13:00,73.61,85.57,3.35,306.2216,2.38
5/1/18 12:30,80.12,84.61,3.19,322.2715,2.64
5/1/18 12:00,96.42,85.93,3.14,332.6318,2.29
5/1/18 11:30,57.61,87.58,3.07,341.9142,1.93
5/1/18 11:00,34.62,87.21,2.93,10.00095,2.32
5/1/18 10:30,36.79,88.2,2.84,14.00774,3.04
5/1/18 10:00,23.52,90.2,2.77,5.183271,3.06
5/1/18 9:30,13.02,90.79,2.68,7.861425,2.53
5/1/18 9:00,5.53,90.86,2.53,18.95648,2.73
5/1/18 8:30,1.47,91.31,2.51,27.03943,2.87
5/1/18 8:00,0.15,91.05,2.54,29.08885,2.88
5/1/18 7:30,0.06,90.5,2.61,29.8609,2.29
5/1/18 7:00,0.08,88.24,3.07,44.08534,2.37
5/1/18 6:30,0.09,88.98,2.92,44.0773,2.52
5/1/18 6:00,0.1,88.51,2.75,41.99598,3.16
5/1/18 5:30,0.09,88.43,2.66,43.34451,3.65
5/1/18 5:00,0.07,88.41,2.84,46.58882,3.91
5/1/18 4:30,0.06,90.39,2.91,40.22942,3.62
5/1/18 4:00,0.08,91.09,2.89,37.54723,3.75
5/1/18 3:30,0.09,89.72,3.2,38.78762,3.3
5/1/18 3:00,0.07,86.51,3.83,56.67508,2.55
5/1/18 2:30,0.06,83.49,3.94,56.60044,2.11
5/1/18 2:00,0.05,83.15,3.71,55.14212,1.87
5/1/18 1:30,0.03,75.84,4.73,69.31931,1.68
5/1/18 1:00,0.05,75.55,4.69,105.5379,1.41
5/1/18 0:30,0.07,76.9,4.21,146.8713,1.46
5/1/18 0:00,0.07,80.64,3.67,168.0204,1.78
4/1/18 23:30,0.08,81.06,3.66,166.1887,2.15
4/1/18 23:00,0.05,78.32,3.77,168.1839,1.86
4/1/18 22:30,0.05,75.72,3.9,184.4617,2.59
4/1/18 22:00,0.08,77.58,3.95,187.9601,2.55
4/1/18 21:30,0.09,78.91,3.76,185.1297,3.35
4/1/18 21:00,0.09,79.48,3.46,187.9745,3.26
4/1/18 20:30,0.06,80.04,3.25,190.3578,2.73
4/1/18 20:00,0.06,80.6,3.26,196.4915,2.89
4/1/18 19:30,0.06,81.02,3.35,201.2879,3.33
4/1/18 19:00,0.06,82.49,3.43,198.6654,3.35
4/1/18 18:30,0.05,82.47,3.25,194.0951,3.2
4/1/18 18:00,0.05,80.96,3.2,204.0965,3.09
4/1/18 17:30,0.06,79.81,3.29,208.1366,3.06
4/1/18 17:00,0.06,80.34,3.44,215.0407,3.61
4/1/18 16:30,0.06,81.35,3.54,217.0836,4.18
4/1/18 16:00,0.2,81.08,3.61,216.1507,3.89
4/1/18 15:00,16.72,79.79,3.95,225.5924,4.41
4/1/18 14:30,39.49,80.81,3.98,238.0073,4.06
4/1/18 14:00,42.18,82.96,3.88,243.2212,3.91
4/1/18 13:30,79.24,86.51,3.79,243435,4.04
4/1/18 13:00,125.41,87.82,3.36,246.5062,4.5
4/1/18 12:30,66.97,87.71,3.26,246.1461,5.08
4/1/18 12:00,34.17,89.55,3.3,244.5976,4.83
4/1/18 11:30,32.47,91.16,3.34,246.5348,3.05
4/1/18 11:00,19.26,91.36,2.98,240.2705,2.82
4/1/18 10:30,20.71,91.07,2.64,240.8519,2.9
4/1/18 10:00,18.86,91.17,2.18,247569,3.78
4/1/18 9:30,13.71,91.6,1.73,250.5534,3.67
4/1/18 9:00,7.15,91.46,1.39,252646,4.15
4/1/18 8:30,3.16,91.54,1.3,254.0218,4.4
4/1/18 8:00,0.19,91.36,1.41,252.3448,5.12
4/1/18 7:30,0.09,92.23,1.77,252.6107,5.08
4/1/18 7:00,0.07,93.07,2.68,253.2894,4.87
4/1/18 6:30,0.06,92.97,3.27,241.7723,3.04
4/1/18 6:00,0.07,92.6,3.61,222.4959,2.1
4/1/18 5:30,0.08,92.65,3.66,221.7826,1.91
4/1/18 5:00,0.07,91.58,3.88,201.1827,1.79
4/1/18 4:30,0.06,91.05,4,201.2992,1.62
4/1/18 4:00,0.07,90.49,4.06,192185,1.24
4/1/18 3:30,0.08,89.91,4.35,208.6006,1.58
4/1/18 3:00,0.08,87,4.95,135.8662,0.93
4/1/18 2:30,0.07,91.16,4.58,78.8895,1.09
4/1/18 2:00,0.09,89.07,4.73,58.19703,1.14
4/1/18 1:30,0.07,90.9,4.4,30.52595,1.13
4/1/18 1:00,0.18,90.25,4.16,266.6603,1.26
4/1/18 0:30,0.06,89.74,3.86,344.9256,1.16
4/1/18 0:00,0.06,85.35,4.2,349.2789,1.1
3/1/18 23:30,0.06,81.63,5.51,67.05106,1.62
3/1/18 23:00,0.06,84.95,4.83,33.79405,1.38
3/1/18 22:30,0.07,85.91,4.8,297.1718,0.7
3/1/18 22:00,0.06,83.88,5.06,267.9631,1
3/1/18 21:30,0.07,83.69,5.55,136.3266,2.15
3/1/18 21:00,0.1,88.02,5.63,146242,1.52
3/1/18 20:30,0.1,87.62,5.56,161.3377,2.2
3/1/18 20:00,0.09,87.91,5.53,161.9844,2.01
3/1/18 19:30,0.09,87.35,5.43,172159,3.11
3/1/18 19:00,0.1,86.52,5.55,169.2274,3.52
3/1/18 18:30,0.14,86.7,5.54,166.6075,3.32
3/1/18 18:00,0.13,87.56,5.19,172.9621,3.57
3/1/18 17:30,0.07,86.45,5.13,180.2412,3.45
3/1/18 17:00,0.05,86.16,5.31,186.8143,3.36
3/1/18 16:30,0.04,86.75,5.54,186.2749,4.29
3/1/18 16:00,0.16,89.67,5.52,184.6069,3.77
3/1/18 15:30,13.22,90.62,5.59,175.1975,3.88
3/1/18 15:00,24.75,91.83,5.39,170.1807,3.85
3/1/18 14:30,16.15,92.74,5.04,173.6598,3.52
3/1/18 14:00,14.53,91.88,4.8,174.6176,3.58
3/1/18 13:30,11.27,91.54,4.42,170.1649,3.43
3/1/18 13:00,11.78,90.45,3.31,177.0981,2.47
3/1/18 12:30,16.75,88.86,2.49,135.2592,6.5
3/1/18 12:00,17.13,89.18,2.94,135.3421,6.89
3/1/18 11:30,15.99,89.49,2.77,130.7604,7.22
3/1/18 11:00,12.37,88.67,2.79,128.4312,6.6
3/1/18 10:30,14.99,87.92,3.03,135.7801,7.53
3/1/18 10:00,7.87,87.91,3.31,131.4613,7.76
3/1/18 9:30,5.06,87.79,3.47,135.6861,8.03
3/1/18 9:00,2.12,87.49,3.61,137.0576,8.4
3/1/18 8:30,0.47,87.14,3.62,136.0322,8.62
3/1/18 8:00,0.08,87.48,3.55,130.8832,7.84
3/1/18 7:30,0.06,86.56,3.37,130.9206,7.78
3/1/18 7:00,0.07,84.83,3.47,133.6071,7.68
3/1/18 6:30,0.06,81.49,3.94,142.6635,9.01
3/1/18 6:00,0.08,79.6,4.53,134.5731,7.08
3/1/18 5:30,0.09,81.71,4.4,132459,6.99
3/1/18 5:00,0.09,84.24,4.34,133.1305,7.45
3/1/18 4:30,0.09,86.38,4.38,137669,6.6
3/1/18 4:00,0.09,86.64,4.39,144.6026,6.46
3/1/18 3:30,0.1,86.22,4.49,142.7336,6.11
3/1/18 3:00,0.09,85.68,4.62,140.6259,6.15
3/1/18 2:30,0.09,85.53,4.7,153.9994,5.09
3/1/18 2:00,0.1,86.39,4.84,152.3151,4.43
3/1/18 1:30,0.09,87.52,4.54,162.7545,4.4
3/1/18 1:00,0.09,87.24,4.58,166.3479,4.71
3/1/18 0:30,0.09,87.23,4.53,171683,4.16
3/1/18 0:00,0.08,87.6,4.56,177.7473,3.82
2/1/18 23:30,0.07,88.22,4.57,180.2382,4.34
2/1/18 23:00,0.09,88.25,4.56,184.8035,4.09
2/1/18 22:30,0.09,89.41,4.54,182.7548,4.17
2/1/18 22:00,0.09,89.02,4.67,179168,3.59
2/1/18 21:30,0.06,89.53,4.49,184.9437,3.86
2/1/18 21:00,0.07,90.06,4.41,197.4769,3.69
2/1/18 20:30,0.07,90.42,4.26,200.8708,3.53
2/1/18 20:00,0.07,90.72,4.22,212.2179,3.9
2/1/18 19:30,0.07,91.15,4.15,214.6195,4.17
2/1/18 19:00,0.06,91.85,4.09,213.0939,4.26
2/1/18 18:30,0.06,91.08,4.13,197.7029,3.15
2/1/18 18:00,0.06,90.23,4.31,189.6801,2.84
2/1/18 17:30,0.06,89.63,4.48,199.7761,2.95
2/1/18 17:00,0.06,89.54,4.56,210.1281,3.71
2/1/18 16:30,0.06,88.39,4.79,210.8175,3.81
2/1/18 16:00,0.08,86.4,5.07,208.9733,3.74
2/1/18 15:30,3.56,84.78,5.39,217.0584,3.73
2/1/18 15:00,25.43,83.87,5.61,218019,3.85
2/1/18 14:30,58.73,82.84,5.8,227614,3.88
2/1/18 14:00,94.09,82.74,5.92,219.7287,3.59
2/1/18 13:30,98.51,83.49,5.8,227497,3.8
2/1/18 13:00,126.1,83.17,5.8,215.3974,3.36
2/1/18 12:30,121.99,83.15,5.72,212.2332,3.09
2/1/18 12:00,96.09,83.09,5.71,217.3493,3.14
2/1/18 11:30,116.4,82.79,5.76,234097,3.52
2/1/18 11:00,185.57,84.46,5.55,226.02,3.35
2/1/18 10:30,107.88,86.92,5.06,219.0881,3.25
2/1/18 10:00,38.04,87.98,4.8,237.6559,4.01
2/1/18 9:30,20.79,87.97,4.85,241.7953,4.59
2/1/18 9:00,13.4,87.64,4.94,239.4254,4.29
2/1/18 8:30,3.2,87.73,4.91,219975,3.65
2/1/18 8:00,0.18,88.3,4.83,213.4268,3.69
2/1/18 7:30,0.08,88.89,4.74,210.2391,3.4
2/1/18 7:00,0.09,88.31,4.83,194.6158,3.16
2/1/18 6:30,0.08,88.77,4.72,209.6999,3.46
2/1/18 6:00,0.06,88.34,4.74,203.6087,2.94
2/1/18 5:30,0.08,87.38,4.86,213.3221,3.21
2/1/18 5:00,0.07,86.5,4.98,212334,4.31
2/1/18 4:30,0.09,86.48,5,209.7449,4.03
2/1/18 4:00,0.09,86.21,5.04,201.1352,3.66
2/1/18 3:30,0.08,85.95,5,206.1351,3.95
2/1/18 3:00,0.09,85.43,5.03,210.6738,4.37
2/1/18 2:30,0.09,85.31,5.1,198.1992,4.63
2/1/18 2:00,0.09,84.92,5.14,200698,5.16
2/1/18 1:30,0.09,84.56,5.17,198.01,4.73
2/1/18 1:00,0.09,84.68,5.13,195.9951,5.01
2/1/18 0:30,0.09,85.03,5.11,206.2351,5.04
2/1/18 0:00,0.09,84.46,5.13,197.8402,4.82
1/1/18 23:30,0.09,83.57,5.09,198.8221,4.48
1/1/18 23:00,0.09,83.6,5.03,204.2333,4.7
1/1/18 22:30,0.08,85.09,4.86,203.4133,4.57
1/1/18 22:00,0.06,84.39,4.81,203459,4.51
1/1/18 21:30,0.08,83.65,4.9,206.2935,4.89
1/1/18 21:00,0.09,84.06,4.81,206.8366,5.23
1/1/18 20:30,0.09,83.29,4.83,201.2505,4.68
1/1/18 20:00,0.08,83.42,4.84,203.9376,5.27
1/1/18 19:30,0.08,83.16,4.88,202.1873,4.81
1/1/18 19:00,0.06,81.64,4.91,209.4759,5.53
1/1/18 18:30,0.06,80.54,5.07,203.8753,5.09
1/1/18 18:00,0.07,80.49,5.08,211.6075,5.96
1/1/18 17:30,0.06,80.7,5.07,210.0741,6.63
1/1/18 17:00,0.06,79.41,5.29,211.2527,6.47
1/1/18 16:30,0.07,78.79,5.62,215.0508,7.01
1/1/18 16:00,0.14,78.64,5.79,219.5478,8.85
1/1/18 15:30,3.64,77.6,5.94,216.9416,7.26
1/1/18 15:00,19.52,76.61,6,221.4552,7.49
1/1/18 14:30,22.36,77.68,5.74,218.7529,7.63
1/1/18 14:00,7.37,80.01,5.41,227332,7.67
1/1/18 13:30,17.38,81.28,5.28,222.7162,8.38
1/1/18 13:00,23.22,80.5,5.62,229.1471,9.34
1/1/18 12:30,35.67,85.73,5.78,218.4343,6.74
1/1/18 12:00,40.25,87.33,5.66,217.0858,7.3
1/1/18 11:30,39.72,84.1,6.02,205.8564,6.5
1/1/18 11:00,70.91,81.1,6.45,205.4841,6.98
1/1/18 10:30,47.01,81.3,6.48,208.1862,6.83
1/1/18 10:00,24.31,82.91,6.44,208.3988,7.17
1/1/18 9:30,8.48,83.61,6.66,192.6863,7.91
1/1/18 9:00,8.03,83.89,6.58,186.6135,5.49
1/1/18 8:30,3.33,84.06,6.55,189.8351,5.48
1/1/18 8:00,0.07,83.91,6.88,202.4403,5.96
1/1/18 7:30,0.09,85.67,7.03,205.6811,5.83
1/1/18 7:00,0.09,88.73,6.96,199.3369,5.84
1/1/18 6:30,0.08,90.21,6.89,202.0281,6.15
1/1/18 6:00,0.13,91.09,6.93,187.8246,5.88
1/1/18 5:30,0.08,92.23,6.9,188.0138,4.98
1/1/18 5:00,0.08,93.25,6.97,198.5518,3.67
1/1/18 4:30,0.09,94.44,7.16,193.6234,4.05
1/1/18 4:00,0.09,95.25,7.28,199169,3.83
1/1/18 3:30,0.1,95.23,6.96,187.2876,4.46
1/1/18 3:00,0.09,94.83,7.11,174923,3.56
1/1/18 2:30,0.09,94.41,7.04,169.1278,2.98
1/1/18 2:00,0.08,94.02,6.98,171.0396,3.59
1/1/18 1:30,0.09,93.25,7.03,174.8792,3.95
1/1/18 1:00,0.09,92.63,7.09,180.8235,3.43
1/1/18 0:30,0.1,92.45,7.25,179.5313,3.74
1/1/18 0:00,0.12,93.29,7.12,191.0524,3.25
31-12-2017 23:30:00 ,0.15,93.25,7.02,183.6497,3.33
31-12-2017 23:00:00 ,0.16,93.19,7,180.3515,3.24
31-12-2017 22:30:00 ,0.13,93.14,6.95,183.7905,3.33
31-12-2017 22:00:00 ,0.07,92.84,6.83,192.5946,4.22
31-12-2017 21:30:00 ,0.06,92.1,6.85,191.4729,4.41
31-12-2017 21:00:00 ,0.06,91.69,7,190.3048,4.51
31-12-2017 20:30:00 ,0.06,91.77,7.14,197.2534,3.81
31-12-2017 20:00:00 ,0.06,91.81,7.34,210.3333,3.67
31-12-2017 19:30:00 ,0.09,90.89,7.53,203.2144,3.18
31-12-2017 19:00:00 ,0.09,91.03,7.53,207.9596,3.5
31-12-2017 18:30:00 ,0.09,92.86,7.26,199.1938,3.52
31-12-2017 18:00:00 ,0.1,94.44,7.06,210.7189,3.7
31-12-2017 17:30:00 ,0.14,95.02,6.69,199.7352,4.75
31-12-2017 17:00:00 ,0.15,94.45,6.44,178.4646,5.87
31-12-2017 16:30:00 ,0.13,93.95,5.97,171.0711,6.07
31-12-2017 16:00:00 ,0.12,92.92,5.48,157.7108,6.35
31-12-2017 15:30:00 ,0.93,91.69,5.38,155.0991,6.01
31-12-2017 15:00:00 ,2.4,90.73,5.41,152.6867,6.06
31-12-2017 14:30:00 ,10.56,90.75,5.31,150.8985,5.58
31-12-2017 14:00:00 ,12.51,91.05,5.28,154.0903,5.22
31-12-2017 13:30:00 ,22.42,92.04,5.12,159.9864,4.91
31-12-2017 13:00:00 ,24.8,93,4.94,159.6268,5.15
31-12-2017 12:30:00 ,27.46,93.26,4.7,161026,5
31-12-2017 12:00:00 ,14.46,92.78,4.37,156.8174,4.53
31-12-2017 11:30:00 ,24.22,89.98,4.12,148.4723,4.3
31-12-2017 11:00:00 ,32.42,87.11,3.75,146.5523,4
31-12-2017 10:30:00 ,15.73,85.07,3.39,153.1115,3.91
31-12-2017 10:00:00 ,19.34,83.97,3.03,149.1379,3.75
31-12-2017 09:30:00 ,14.51,83.14,2.68,154.0229,3.25
31-12-2017 09:00:00 ,14.88,81.92,2.72,155.6063,2.76
31-12-2017 08:30:00 ,7.64,82.28,2.53,171.8365,3.64
31-12-2017 08:00:00 ,0.72,82.82,2.47,170.8864,3.73
31-12-2017 07:30:00 ,0.1,82.87,2.33,177.1435,3.38
31-12-2017 07:00:00 ,0.09,85.54,2.28,185.2471,2.73
31-12-2017 06:30:00 ,0.06,87.16,2.27,172802,2.22
31-12-2017 06:00:00 ,0.03,87.58,2.32,165.1735,1.37
31-12-2017 05:30:00 ,0.09,88.38,2.22,197.4769,1.41
31-12-2017 05:00:00 ,0.09,88.79,2.11,242.7549,1.62
31-12-2017 04:30:00 ,0.09,89.01,1.91,258832,2.37
31-12-2017 04:00:00 ,0.14,89.39,1.71,278.1991,3.02
31-12-2017 03:30:00 ,0.12,87.01,2.1,263.1475,2.79
31-12-2017 03:00:00 ,0.1,87.48,2.19,284.7255,2.38
31-12-2017 02:30:00 ,0.08,89.89,2.18,295.5646,2.04
31-12-2017 02:00:00 ,0.08,91.05,2.17,308.9777,2.24
31-12-2017 01:30:00 ,0.14,91.34,2.26,299.6137,1.96
31-12-2017 01:00:00 ,0.1,91.11,2.17,305.8112,1.72
31-12-2017 00:30:00 ,0.07,90.78,2.09,330.1163,1.85
31-12-2017 00:00:00 ,0.06,91.15,1.96,8.046702,2.05
30-12-2017 23:30:00 ,0.08,90.2,2.01,23.06045,2.01
30-12-2017 23:00:00 ,0.09,85.85,2.68,43.69607,1.75
30-12-2017 22:30:00 ,0.06,81.77,3.77,77.16888,2.04
30-12-2017 22:00:00 ,0.06,81.88,3.75,81.00285,2.25
30-12-2017 21:30:00 ,0.08,83.94,3.41,92.05837,2.54
30-12-2017 21:00:00 ,0.08,85.63,3.04,99.92324,3.26
30-12-2017 20:30:00 ,0.07,86.91,2.85,110.1287,4.04
30-12-2017 20:00:00 ,0.06,86.29,3.25,110.2009,4.24
30-12-2017 19:30:00 ,0.08,86.27,3.66,118.0353,3.05
30-12-2017 19:00:00 ,0.09,87.36,3.31,134.6362,3.17
30-12-2017 18:30:00 ,0.09,87.98,3.17,144.5059,3.7
30-12-2017 18:00:00 ,0.09,87.63,3.28,156.7693,3.93
30-12-2017 17:30:00 ,0.08,87.26,3.47,157.8171,4.08
30-12-2017 17:00:00 ,0.08,87.07,3.51,154.5108,3.97
30-12-2017 16:30:00 ,0.08,86.7,3.7,154.7006,4.01
30-12-2017 16:00:00 ,0.08,86.67,3.78,163.5167,4.6
30-12-2017 15:30:00 ,0.33,85.21,3.95,166.4577,4.31
30-12-2017 15:00:00 ,4.29,84.21,4.08,170.4586,4.81
30-12-2017 14:30:00 ,7.14,84.6,3.99,172.2241,6.08
30-12-2017 14:00:00 ,9.75,85.16,4.01,175.1965,5.93
30-12-2017 13:30:00 ,10.46,86.22,3.94,172.8603,6.23
30-12-2017 13:00:00 ,8.67,86.84,3.87,172.7002,7.18
30-12-2017 12:30:00 ,8.48,88.2,3.74,171.4867,6.76
30-12-2017 12:00:00 ,6.06,89.35,3.65,171.6858,6.8
30-12-2017 11:30:00 ,11.75,89.77,3.45,170.0884,6.29
30-12-2017 11:00:00 ,13.63,89.98,2.96,165.5826,5.9
30-12-2017 10:30:00 ,10.56,89.37,2.63,163.7691,6.12
30-12-2017 10:00:00 ,6.33,89.73,2.14,159.8409,5.61
30-12-2017 09:30:00 ,3.98,89.5,1.75,155.6482,5.11
30-12-2017 09:00:00 ,1.36,86.85,1.92,153.0101,5.83
30-12-2017 08:30:00 ,0.08,81.8,2.47,152.8995,5.5
30-12-2017 08:00:00 ,0.08,80.6,2.5,154.7223,5.85
30-12-2017 07:30:00 ,0.09,80.62,2.37,148.1478,6.28
30-12-2017 07:00:00 ,0.1,79.74,2.46,141.9571,5.31
30-12-2017 06:30:00 ,0.07,79.18,2.38,141.6048,4.75
30-12-2017 06:00:00 ,0.06,77.56,2.34,147.2209,4.71
30-12-2017 05:30:00 ,0.06,76.37,2.25,146.3099,5.14
30-12-2017 05:00:00 ,0.06,75.66,2.29,146.4095,5.17
30-12-2017 04:30:00 ,0.06,74.58,2.46,145.2971,4.92
30-12-2017 04:00:00 ,0.06,73.03,2.68,152.6204,4.45
30-12-2017 03:30:00 ,0.05,71.29,2.64,152.5476,4.14
30-12-2017 03:00:00 ,0.03,71.64,2.53,148.0208,4
30-12-2017 02:30:00 ,0.03,71.17,2.48,144.5036,4.47
30-12-2017 02:00:00 ,0.03,74.11,2.4,147.0306,3.23
30-12-2017 01:30:00 ,0.05,75.55,2.67,134659,2.35
30-12-2017 01:00:00 ,0.06,75.9,2.4,166602,3
30-12-2017 00:30:00 ,0.04,76,2.49,175.8639,3.89
30-12-2017 00:00:00 ,0.03,76.93,2.32,176.2406,4.13
29-12-2017 23:30:00 ,0.05,78.3,2.47,171.7029,3.61
29-12-2017 23:00:00 ,0.06,78.66,2.55,182.8388,3.92
29-12-2017 22:30:00 ,0.06,78.99,2.61,185.4628,4.22
29-12-2017 22:00:00 ,0.09,77.79,2.82,186.8898,4.95
29-12-2017 21:30:00 ,0.09,72.6,2.96,187.7438,4.63
29-12-2017 21:00:00 ,0.09,74.18,3.08,186.8571,4.04
29-12-2017 20:30:00 ,0.09,75.79,3.12,192.1368,3.52
29-12-2017 20:00:00 ,0.08,79.65,2.88,192.8149,3.24
29-12-2017 19:30:00 ,0.06,80.82,2.56,190.2943,2.72
29-12-2017 19:00:00 ,0.06,81.52,2.61,192.7282,2.73
29-12-2017 18:30:00 ,0.06,81.97,2.73,190.5392,3.12
29-12-2017 18:00:00 ,0.06,80.26,2.91,209.0546,3.6
29-12-2017 17:30:00 ,0.08,79.93,3.13,215.8965,4.9
29-12-2017 17:00:00 ,0.06,80.57,3.17,213.8571,4.99
29-12-2017 16:30:00 ,0.06,79.14,3.27,200.8813,3.8
29-12-2017 16:00:00 ,0.06,78.42,3.57,208.1939,3.8
29-12-2017 15:30:00 ,2.16,78.39,3.86,202.9449,3.81
29-12-2017 15:00:00 ,19.1,77.5,4.02,209.4167,4.15
29-12-2017 14:30:00 ,33.7,76.33,4.24,214.0889,4.37
29-12-2017 14:00:00 ,66.43,74.27,4.47,214.9433,5.17
29-12-2017 13:30:00 ,107.69,73.7,4.62,218.6042,4.95
29-12-2017 13:00:00 ,120.3,73.93,4.61,214.8545,5.41
29-12-2017 12:30:00 ,164.24,74.88,4.64,221.5034,4.62
29-12-2017 12:00:00 ,149.37,75.89,4.47,219511,4.72
29-12-2017 11:30:00 ,161.31,77.15,4.28,224493,4.94
29-12-2017 11:00:00 ,151.06,79.08,4.12,222.9485,4.76
29-12-2017 10:30:00 ,102.99,80.54,3.94,219434,4.6
29-12-2017 10:00:00 ,53.51,82.32,3.86,231.0942,4.76
29-12-2017 09:30:00 ,15.95,85.69,3.68,225.8425,4.86
29-12-2017 09:00:00 ,13.71,86.16,3.66,215.6199,5.06
29-12-2017 08:30:00 ,3.15,86.69,3.52,215524,4.63
29-12-2017 08:00:00 ,0.11,86.72,3.51,218.0308,5.15
29-12-2017 07:30:00 ,0.08,85.86,3.62,218.4181,4.96
29-12-2017 07:00:00 ,0.09,85.95,3.71,210.4655,5.16
29-12-2017 06:30:00 ,0.08,84.16,3.81,210.2048,4.97
29-12-2017 06:00:00 ,0.09,84.22,3.82,210.6467,5.01
29-12-2017 05:30:00 ,0.08,84.73,3.81,195.9792,4.66
29-12-2017 05:00:00 ,0.07,83.88,3.81,202.9234,4.92
29-12-2017 04:30:00 ,0.09,80.77,4,205.8564,5.79
29-12-2017 04:00:00 ,0.09,81.68,4.03,194.3575,5.98
29-12-2017 03:30:00 ,0.09,81.63,4.01,190553,5.16
29-12-2017 03:00:00 ,0.09,81.32,4,195.0098,5.11
29-12-2017 02:30:00 ,0.09,82.01,3.84,197.1481,4.48
29-12-2017 02:00:00 ,0.09,82.27,3.75,206.5106,5.05
29-12-2017 01:30:00 ,0.07,82.87,3.69,198.6279,4.44
29-12-2017 01:00:00 ,0.08,83.64,3.46,201.3605,4.3
29-12-2017 00:30:00 ,0.06,83.34,3.34,204.5546,4.09
29-12-2017 00:00:00 ,,,,Ukendt ,
28-12-2017 23:30:00 ,0.06,82.35,3.3,208.1219,4.56
28-12-2017 23:00:00 ,0.06,81.64,3.62,203.4064,4.82
28-12-2017 22:30:00 ,0.09,79.26,3.93,208.6583,4.58
28-12-2017 22:00:00 ,0.09,79.86,3.81,200.5133,3.6
28-12-2017 21:30:00 ,0.07,84.48,3.47,211.0455,3.97
28-12-2017 21:00:00 ,0.06,85.32,3.39,209.6115,3.99
28-12-2017 20:30:00 ,0.06,85.57,3.34,205.9279,3.97
28-12-2017 20:00:00 ,0.06,85.63,3.26,204.8851,3.49
28-12-2017 19:30:00 ,0.06,85.96,3.19,206.8353,3.8
28-12-2017 19:00:00 ,0.06,86.01,3.19,210.9638,3.39
28-12-2017 18:30:00 ,0.06,86.72,3.2,209.6707,3.36
28-12-2017 18:00:00 ,0.06,87.38,3.32,204211,3.38
28-12-2017 17:30:00 ,0.06,87.41,3.32,202.4525,3.05
28-12-2017 17:00:00 ,0.06,86.14,3.4,201.5258,2.63
28-12-2017 16:30:00 ,0.06,85.44,3.54,210.1346,2.58
28-12-2017 16:00:00 ,0.06,85.1,3.62,213559,2.78
28-12-2017 15:30:00 ,3.69,83.91,3.79,221.1186,2.73
28-12-2017 15:00:00 ,14.28,82.31,3.98,227.1211,2.74
28-12-2017 14:30:00 ,33.31,81.61,4.07,230.5722,2.55
28-12-2017 14:00:00 ,49.09,81.18,4.17,239.6389,2.65
28-12-2017 13:30:00 ,67.61,81.77,4.07,252.2779,3.76
28-12-2017 13:00:00 ,67.32,80.7,4.29,256.7458,3.41
28-12-2017 12:30:00 ,58.21,82.92,4.47,256.4577,4.08
28-12-2017 12:00:00 ,28.23,87.13,4.63,226.0448,3.43
28-12-2017 11:30:00 ,28.75,87.43,4.6,215.4674,3.28
28-12-2017 11:00:00 ,24.84,87.38,4.59,207.4315,3.16
28-12-2017 10:30:00 ,25.58,87.5,4.61,203.6294,2.61
28-12-2017 10:00:00 ,22.14,87.9,4.58,204.9875,2.95
28-12-2017 09:30:00 ,20.42,87.87,4.65,192.1368,3.04
28-12-2017 09:00:00 ,5.24,87.87,4.68,185.5083,3.48
28-12-2017 08:30:00 ,1.24,87.9,4.76,181.0653,3.6
28-12-2017 08:00:00 ,0.1,88.27,4.79,177.6338,2.99
28-12-2017 07:30:00 ,0.09,88.02,4.82,174.6041,3.12
28-12-2017 07:00:00 ,0.09,87.85,4.82,177.6338,2.66
28-12-2017 06:30:00 ,0.09,88.04,4.74,179055,3.21
28-12-2017 06:00:00 ,0.09,88.33,4.69,176.3352,3.2
28-12-2017 05:30:00 ,0.09,88.78,4.59,173.9725,3.47
28-12-2017 05:00:00 ,0.09,88.58,4.57,177.2905,3.01
28-12-2017 04:30:00 ,0.09,88.55,4.52,177.6386,3.08
28-12-2017 04:00:00 ,0.1,89.08,4.46,177.8701,2.82
28-12-2017 03:30:00 ,0.1,88.95,4.36,177.1671,2.5
28-12-2017 03:00:00 ,0.11,88.01,4.34,171.2359,3.2
28-12-2017 02:30:00 ,0.1,86.96,4.31,168.9247,3.18
28-12-2017 02:00:00 ,0.08,85.91,4.41,162.7585,2.93
28-12-2017 01:30:00 ,0.09,84.76,4.46,172.0538,3.36
28-12-2017 01:00:00 ,0.06,83.76,4.54,176.2174,3.36
28-12-2017 00:30:00 ,0.06,84.1,4.64,174.0776,3.49
28-12-2017 00:00:00 ,0.06,83.9,4.84,156.3977,3.35
27-12-2017 23:30:00 ,0.06,83.02,4.9,149.5225,3.32
27-12-2017 23:00:00 ,0.06,83.1,4.97,147.2072,3.05
27-12-2017 22:30:00 ,0.06,82.79,4.96,149.9748,2.91
27-12-2017 22:00:00 ,0.06,82.43,4.89,157.2703,3.88
27-12-2017 21:30:00 ,0.06,81.73,5,150.1812,4.44
27-12-2017 21:00:00 ,0.06,82.99,5.01,156.5601,4.44
27-12-2017 20:30:00 ,0.06,84.01,5.1,152.6902,5.46
27-12-2017 20:00:00 ,0.09,84.09,5.04,147.2648,5.79
27-12-2017 19:30:00 ,0.08,84.35,4.99,137.8878,4.66
27-12-2017 19:00:00 ,0.06,86.31,4.81,135338,4.46
27-12-2017 18:30:00 ,0.06,85.37,4.95,135.0844,4.62
27-12-2017 18:00:00 ,0.06,84.14,4.94,133.9584,3.71
27-12-2017 17:30:00 ,0.06,84.33,4.73,141.4716,4.38
27-12-2017 17:00:00 ,0.06,83.41,4.81,138.9393,5.08
27-12-2017 16:30:00 ,0.06,81.57,5.18,130.6013,4.71
27-12-2017 16:00:00 ,0.07,79.99,5.25,136.8307,4.49
27-12-2017 15:30:00 ,1.09,76.7,5.15,135,4.5
27-12-2017 15:00:00 ,11.04,75.02,5,138.5387,5.37
27-12-2017 14:30:00 ,30.18,76.89,4.92,143.4966,5.46
27-12-2017 14:00:00 ,36.14,79.95,4.89,141.6404,5.27
27-12-2017 13:30:00 ,53.57,79.15,5.06,136.7516,4.96
27-12-2017 13:00:00 ,71.62,78.91,5.09,131.0607,4.79
27-12-2017 12:30:00 ,93.65,78.25,5.28,136.2189,4.48
27-12-2017 12:00:00 ,122.97,76.63,5.42,137614,4.08
27-12-2017 11:30:00 ,97.46,77.67,5.26,141.7347,3.99
27-12-2017 11:00:00 ,93.37,79.71,5,154303,3.67
27-12-2017 10:30:00 ,62.16,80.96,4.77,161526,3.85
27-12-2017 10:00:00 ,51.87,82.05,4.55,165.4875,4.51
27-12-2017 09:30:00 ,32.64,83.87,4.42,166.6413,4.52
27-12-2017 09:00:00 ,12.98,84.31,4.3,168.7831,5.14
27-12-2017 08:30:00 ,2.8,83.76,4.13,174.2072,5.65
27-12-2017 08:00:00 ,0.13,83.53,4.04,172.1426,5.93
27-12-2017 07:30:00 ,0.08,83.91,4.07,175.8448,5.14
27-12-2017 07:00:00 ,0.06,82.99,4.06,181.0697,4.64
27-12-2017 06:30:00 ,0.06,82.84,3.94,181.2035,5.34
27-12-2017 06:00:00 ,0.06,82.48,3.81,181.2086,5.32
27-12-2017 05:30:00 ,0.06,81.51,3.92,183.4646,5.2
27-12-2017 05:00:00 ,0.06,81.4,3.99,185.3781,5.25
27-12-2017 04:30:00 ,0.06,80.6,4.16,189.4223,5.28
27-12-2017 04:00:00 ,0.06,79.75,4.24,195.2975,4.34
27-12-2017 03:30:00 ,0.06,79.45,4.33,205.8597,5.34
27-12-2017 03:00:00 ,0.06,81.68,4.21,206.5106,5.27
27-12-2017 02:30:00 ,0.06,81.74,4.2,203.0832,5.07
27-12-2017 02:00:00 ,0.06,80.88,4.24,203.2643,5.36
27-12-2017 01:30:00 ,0.06,80.56,4.05,205.2076,5.68
27-12-2017 01:00:00 ,0.06,77.43,3.97,198.8247,4.97
27-12-2017 00:30:00 ,0.06,78.83,4.52,205.9065,6.16
27-12-2017 00:00:00 ,0.06,79.41,4.72,208.6983,6.65
26-12-2017 23:30:00 ,0.08,77.79,4.86,198081,5.72
26-12-2017 23:00:00 ,0.08,77.17,4.8,203.9996,5.78
26-12-2017 22:30:00 ,0.07,78.21,4.78,205.2532,6.48
26-12-2017 22:00:00 ,0.08,76.93,4.89,208.4162,6.71
26-12-2017 21:30:00 ,0.06,77.66,4.88,203.1986,6.99
26-12-2017 21:00:00 ,0.06,77.1,4.93,207.6047,6.93
26-12-2017 20:30:00 ,0.07,76.9,4.9,210.7128,7.91
26-12-2017 20:00:00 ,0.06,77.46,4.89,208.8754,6.77
26-12-2017 19:30:00 ,0.09,77.95,4.85,213.3249,7.06
26-12-2017 19:00:00 ,0.09,82.48,4.22,207.9862,5.62
26-12-2017 18:30:00 ,0.06,84.15,3.93,216.2986,6.33
26-12-2017 18:00:00 ,0.06,83.61,4.15,222.2656,6.14
26-12-2017 17:30:00 ,0.06,76.94,5.13,224.7461,7.99
26-12-2017 17:00:00 ,0.08,70.3,5.72,212.1203,9
26-12-2017 16:30:00 ,0.09,71.72,5.7,205.5839,8.6
26-12-2017 16:00:00 ,0.13,71.9,5.73,206.6741,8.23
26-12-2017 15:30:00 ,1.72,71.07,5.98,206565,8.15
26-12-2017 15:00:00 ,12.42,69.95,6.2,209.5175,8.38
26-12-2017 14:30:00 ,31.55,71.34,6.33,207.6511,9.16
26-12-2017 14:00:00 ,24.65,75.13,6.27,204.9724,7.94
26-12-2017 13:30:00 ,14.27,78.56,5.94,190.1848,7.41
26-12-2017 13:00:00 ,12.37,81.76,5.52,185.3448,7.94
26-12-2017 12:30:00 ,12.88,83.22,5.32,184.5078,7.39
26-12-2017 12:00:00 ,12.72,80.99,5.32,180.6056,7.06
26-12-2017 11:30:00 ,17.26,79.7,5.17,177.3593,8.24
26-12-2017 11:00:00 ,21.71,80.23,4.98,174.7949,8.16
26-12-2017 10:30:00 ,20.43,79.66,4.97,173.0672,8.04
26-12-2017 10:00:00 ,18.71,79.1,4.97,172.7124,8.59
26-12-2017 09:30:00 ,17.64,81.97,4.86,176.5711,7.9
26-12-2017 09:00:00 ,21.01,83.19,4.95,174.3363,7.78
26-12-2017 08:30:00 ,3.25,84.08,4.99,173.1525,7.44
26-12-2017 08:00:00 ,0.07,82.57,5.36,176.3503,6.36
26-12-2017 07:30:00 ,0.08,82.05,5.49,181.6707,5.81
26-12-2017 07:00:00 ,0.08,82.03,5.5,179031,5.33
26-12-2017 06:30:00 ,0.08,81.74,5.56,178.6926,5.38
26-12-2017 06:00:00 ,0.09,81.92,5.71,179.0471,5.75
26-12-2017 05:30:00 ,0.09,80.88,5.82,178.4323,6.17
26-12-2017 05:00:00 ,0.09,81,5.92,183.3385,6.33
26-12-2017 04:30:00 ,0.09,80.15,6,184.1704,6.85
26-12-2017 04:00:00 ,0.09,79.82,6.07,184.2451,7.08
26-12-2017 03:30:00 ,0.08,80.76,6.21,184.1618,6.65
26-12-2017 03:00:00 ,0.07,81.45,6.34,184.6519,5.76
26-12-2017 02:30:00 ,0.08,81.6,6.4,185.9592,5.85
26-12-2017 02:00:00 ,0.07,81.45,6.54,185.8981,6.73
26-12-2017 01:30:00 ,0.09,81.27,6.66,185.6273,6.27
26-12-2017 01:00:00 ,0.09,81.24,6.72,189.2824,5.49
26-12-2017 00:30:00 ,0.09,81.59,6.77,188.9726,5.96
26-12-2017 00:00:00 ,0.09,82.19,6.83,192.5419,5.88
25-12-2017 23:30:00 ,0.09,83.22,6.93,192.4121,5.89
25-12-2017 23:00:00 ,0.09,84.07,7.05,202.7915,6.01
25-12-2017 22:30:00 ,0.13,83.37,7.19,207.2192,6.21
25-12-2017 22:00:00 ,0.12,82.79,7.25,207213,6.07
25-12-2017 21:30:00 ,0.1,83.97,7.22,209.1602,6.43
25-12-2017 21:00:00 ,0.08,87.31,7.13,210.7752,5.98
25-12-2017 20:30:00 ,0.06,89.84,7.06,205.5792,5.73
25-12-2017 20:00:00 ,0.06,88.1,7.38,210.1179,6.28
25-12-2017 19:30:00 ,0.07,86.16,7.66,213.3193,6.46
25-12-2017 19:00:00 ,0.08,86.28,7.74,204211,5.61
25-12-2017 18:30:00 ,0.06,86.19,7.83,205.9033,5.99
25-12-2017 18:00:00 ,0.09,83.75,8.15,211.3603,5.66
25-12-2017 17:30:00 ,0.09,83.74,8.23,213.6224,5.52
25-12-2017 17:00:00 ,0.07,82.93,8.36,214.5889,6.47
25-12-2017 16:30:00 ,0.09,82.83,8.42,213.8211,6.56
25-12-2017 16:00:00 ,0.09,82.9,8.45,212334,6.04
25-12-2017 15:30:00 ,0.42,82.62,8.48,213757,6.4
25-12-2017 15:00:00 ,1.74,82.57,8.54,213.1901,6.12
25-12-2017 14:30:00 ,4.86,83.08,8.55,220.0377,6.33
25-12-2017 14:00:00 ,12.19,83.72,8.54,221.3657,6.8
25-12-2017 13:30:00 ,20.02,84.73,8.42,218716,7.16
25-12-2017 13:00:00 ,30.78,86.37,8.18,215439,7.05
25-12-2017 12:30:00 ,19.28,88.13,8,219.1288,6.93
25-12-2017 12:00:00 ,18.66,88.37,8,218.2169,7.22
25-12-2017 11:30:00 ,17.49,87.68,8.12,216.7256,6.94
25-12-2017 11:00:00 ,19.48,88.11,8.07,220.3691,7.19
25-12-2017 10:30:00 ,17.14,87.51,8.11,219.9929,6.58
25-12-2017 10:00:00 ,11.74,88.6,8.01,222.6211,7.3
25-12-2017 09:30:00 ,6.7,90.6,7.84,220.0961,7.59
25-12-2017 09:00:00 ,2.85,91.52,7.72,217.3493,7.23
25-12-2017 08:30:00 ,0.61,92.64,7.62,214.7479,6.52
25-12-2017 08:00:00 ,0.11,92.8,7.6,213.9873,6.48
25-12-2017 07:30:00 ,0.08,91.91,7.72,214.7943,5.76
25-12-2017 07:00:00 ,0.08,91.91,7.74,215.4104,6.11
25-12-2017 06:30:00 ,0.06,91.75,7.83,215.1012,6.39
25-12-2017 06:00:00 ,0.07,91.79,8,216.7271,5.84
25-12-2017 05:30:00 ,0.06,91.43,8.2,219.8513,5.75
25-12-2017 05:00:00 ,0.07,90.86,8.41,224.66,5.17
25-12-2017 04:30:00 ,0.08,91.59,8.4,233.0576,5.18
25-12-2017 04:00:00 ,0.07,91.79,8.47,229.2934,5.06
25-12-2017 03:30:00 ,0.1,92.01,8.5,240.1812,5.7
25-12-2017 03:00:00 ,0.09,92.77,8.47,239.1391,5.58
25-12-2017 02:30:00 ,0.08,92.69,8.51,243.3818,5.05
25-12-2017 02:00:00 ,0.06,90.59,8.66,248.1114,6.02
25-12-2017 01:30:00 ,0.06,88.63,8.81,248.4416,6.86
25-12-2017 01:00:00 ,0.06,88.13,8.85,251.2309,6.8
25-12-2017 00:30:00 ,0.08,88.07,8.87,254.2842,6.73
25-12-2017 00:00:00 ,0.1,88.37,8.83,254394,7.43
24-12-2017 23:30:00 ,0.07,88.86,8.76,254.7553,7.77
24-12-2017 23:00:00 ,0.07,88.54,8.77,252.8364,9.05
24-12-2017 22:30:00 ,0.07,87.18,8.92,253.5634,9.64
24-12-2017 22:00:00 ,0.11,86.79,8.96,254.7449,9.45
24-12-2017 21:30:00 ,0.15,87.78,8.82,249.7395,9.13
24-12-2017 21:00:00 ,0.11,89.9,8.56,246492,9.33
24-12-2017 20:30:00 ,0.09,89.48,8.58,245.2249,9.92
24-12-2017 20:00:00 ,0.09,89.43,8.58,245.9176,9.45
24-12-2017 19:30:00 ,0.06,88.84,8.65,245.0188,9.18
24-12-2017 19:00:00 ,0.08,89.5,8.67,244.4354,9.96
24-12-2017 18:30:00 ,0.23,88.97,8.87,244.6986,10.14
24-12-2017 18:00:00 ,0.44,90.34,8.85,248.2424,9.12
24-12-2017 17:30:00 ,0.39,91.91,8.78,247.5431,9.57
24-12-2017 17:00:00 ,0.24,92.37,8.81,246.7236,10.19
24-12-2017 16:30:00 ,0.35,92.75,8.72,245.2826,9.24
24-12-2017 16:00:00 ,0.39,92.16,8.64,242.8048,9.33
24-12-2017 15:30:00 ,0.54,91.45,8.65,242.3292,9.11
24-12-2017 15:00:00 ,2.07,91.76,8.53,241.3611,8.08
24-12-2017 14:30:00 ,5.42,91.68,8.48,243.9133,8.33
24-12-2017 14:00:00 ,6.47,92.01,8.31,239.6667,7.3
24-12-2017 13:30:00 ,12.96,93.51,8.14,235.1455,5.52
24-12-2017 13:00:00 ,15.05,93.23,8.2,235704,4.97
24-12-2017 12:30:00 ,23.16,92.57,8.3,225.5959,4.67
24-12-2017 12:00:00 ,22.62,91.63,8.44,236.3432,5.58
24-12-2017 11:30:00 ,19.59,88.11,8.77,242.4289,6.58
24-12-2017 11:00:00 ,40.91,84.66,9.01,247.4259,6.95
24-12-2017 10:30:00 ,46.4,84.53,8.79,245.0261,7.38
24-12-2017 10:00:00 ,46.27,86.57,8.4,251.4528,6.7
24-12-2017 09:30:00 ,52.32,88.02,8.21,252.9934,6.62
24-12-2017 09:00:00 ,20.91,86.91,8.21,252.2373,7.59
24-12-2017 08:30:00 ,6.3,85.01,8.29,256.5912,7.76
24-12-2017 08:00:00 ,0.06,84.4,8.3,254.9622,8.34
24-12-2017 07:30:00 ,0.03,83.29,8.43,260.6154,7.17
24-12-2017 07:00:00 ,0.05,82.57,8.65,257.3284,6.55
24-12-2017 06:30:00 ,0.05,80.98,8.83,269.5165,6.39
24-12-2017 06:00:00 ,0.04,81.48,8.81,265.7591,6.36
24-12-2017 05:30:00 ,0.03,81.67,8.85,257.5228,7.43
24-12-2017 05:00:00 ,0.04,80.08,9.16,261.8699,7.88
24-12-2017 04:30:00 ,0.06,79.39,9.37,90,6.72
24-12-2017 04:00:00 ,0.06,80.1,9.47,265.5553,7.26
24-12-2017 03:30:00 ,0.09,79.77,9.72,269.7588,7.78
24-12-2017 03:00:00 ,0.09,80.56,9.88,268.5528,7.78
24-12-2017 02:30:00 ,0.09,83.84,9.6,260.8762,8.16
24-12-2017 02:00:00 ,0.09,84.67,9.52,257.3686,9.27
24-12-2017 01:30:00 ,0.06,86.16,9.43,254.0378,9.15
24-12-2017 01:00:00 ,0.06,85.08,9.58,251.7529,8.69
24-12-2017 00:30:00 ,0.06,84.38,9.64,257.1217,9.13
24-12-2017 00:00:00 ,0.09,82.4,9.8,256.1944,9.06
23-12-2017 23:30:00 ,0.11,81.57,9.88,256.8699,11.2
23-12-2017 23:00:00 ,0.12,80.8,9.94,255.9923,11.96
23-12-2017 22:30:00 ,0.12,79.57,10.02,252.1286,11.06
23-12-2017 22:00:00 ,0.11,79.69,9.94,250.8893,10.97
23-12-2017 21:30:00 ,0.1,80.62,9.68,252.3189,10.74
23-12-2017 21:00:00 ,0.08,81.87,9.38,250693,10.91
23-12-2017 20:30:00 ,0.09,82.15,9.33,252.5528,10.78
23-12-2017 20:00:00 ,0.07,82.13,9.35,248.1767,11.67
23-12-2017 19:30:00 ,0.06,82.09,9.39,247.7609,10.68
23-12-2017 19:00:00 ,0.06,83.2,9.34,249.7101,9.83
23-12-2017 18:30:00 ,0.06,83.85,9.45,253504,10.75
23-12-2017 18:00:00 ,0.06,84.88,9.44,258.7137,9.89
23-12-2017 17:30:00 ,0.07,85.21,9.56,255.2141,10.85
23-12-2017 17:00:00 ,0.11,86.74,9.44,254.9927,11.17
23-12-2017 16:30:00 ,0.17,88.58,9.1,256.7391,10.79
23-12-2017 16:00:00 ,0.22,88.42,9.07,254.6409,9.65
23-12-2017 15:30:00 ,1.16,88.41,9.19,252165,9.06
23-12-2017 15:00:00 ,7.65,89.47,8.98,255.7918,9.59
23-12-2017 14:30:00 ,10.74,89.51,8.94,253.8765,10.94
23-12-2017 14:00:00 ,15.17,88.88,8.96,254.7133,11.07
23-12-2017 13:30:00 ,19.07,88.34,8.97,255.9059,10.53
23-12-2017 13:00:00 ,21.8,87.49,9.07,262.6206,9.97
23-12-2017 12:30:00 ,31.08,86.52,8.95,259.7587,10.92
23-12-2017 12:00:00 ,36.29,86.82,8.63,258.6201,9.49
23-12-2017 11:30:00 ,35.21,87.34,8.3,254.4759,10.48
23-12-2017 11:00:00 ,66.08,86.54,8.3,253.94,11.24
23-12-2017 10:30:00 ,85.71,86.64,8.23,252.8448,10.87
23-12-2017 10:00:00 ,35.91,87.94,7.95,249.7343,10.43
23-12-2017 09:30:00 ,24.69,89.13,7.72,254.5896,10.69
23-12-2017 09:00:00 ,7.79,88.8,7.67,254.7345,9.77
23-12-2017 08:30:00 ,1.68,88.47,7.66,253.5296,9.49
23-12-2017 08:00:00 ,0.23,88.46,7.61,254.2018,9.62
23-12-2017 07:30:00 ,0.12,88.51,7.6,253.1071,9.19
23-12-2017 07:00:00 ,0.1,89.51,7.51,251.7542,8.5
23-12-2017 06:30:00 ,0.1,91.06,7.13,247.6326,8.05
23-12-2017 06:00:00 ,0.13,91.39,6.87,249.2923,8.58
23-12-2017 05:30:00 ,0.12,91.08,6.79,249.5542,9.01
23-12-2017 05:00:00 ,0.12,90.57,6.79,253.9092,9.26
23-12-2017 04:30:00 ,0.12,90.6,6.68,248.5484,9.22
23-12-2017 04:00:00 ,0.11,90.74,6.55,248.9968,9.02
23-12-2017 03:30:00 ,0.09,90.08,6.35,246.6786,9.55
23-12-2017 03:00:00 ,0.09,88.44,6.19,245.4298,8.47
23-12-2017 02:30:00 ,0.09,87.52,5.88,238893,7.54
23-12-2017 02:00:00 ,0.09,88.36,5.46,230.4403,6.53
23-12-2017 01:30:00 ,0.09,89.83,5.19,219.67,5.42
23-12-2017 01:00:00 ,0.09,90.73,4.9,216.6561,4.71
23-12-2017 00:30:00 ,0.09,90.59,4.72,227.0963,4.52
23-12-2017 00:00:00 ,0.09,89.72,4.77,221.0519,4.85
22-12-2017 23:30:00 ,0.07,87.53,4.97,218.8074,4.29
22-12-2017 23:00:00 ,0.06,85,5.19,225337,3.07
22-12-2017 22:30:00 ,0.09,84.09,5.19,229.3208,3.64
22-12-2017 22:00:00 ,0.09,84.68,5.06,245.0188,4.95
22-12-2017 21:30:00 ,0.09,85.45,4.93,250.9363,4.95
22-12-2017 21:00:00 ,0.09,86.51,4.73,254.6831,5.17
22-12-2017 20:30:00 ,0.07,86.81,4.58,252.8282,5.5
22-12-2017 20:00:00 ,0.06,86.01,4.67,246.2162,4.47
22-12-2017 19:30:00 ,0.06,84.88,4.88,253.2552,4.14
22-12-2017 19:00:00 ,0.06,83.88,5.04,259.3951,4.22
22-12-2017 18:30:00 ,0.06,83.82,5.14,263.7394,3.75
22-12-2017 18:00:00 ,0.08,84.78,5.03,265693,3.81
22-12-2017 17:30:00 ,0.07,85.71,4.85,263.2278,4.89
22-12-2017 17:00:00 ,0.06,85.76,4.78,260.0884,4.78
22-12-2017 16:30:00 ,0.06,85.75,4.71,258.8536,4.86
22-12-2017 16:00:00 ,0.06,84.9,4.77,260.1494,4.67
22-12-2017 15:30:00 ,0.4,83.26,4.98,263.2902,4.22
22-12-2017 15:00:00 ,10.47,82.51,5.14,268.9258,4.62
22-12-2017 14:30:00 ,29.66,82.1,5.25,274.1704,4.84
22-12-2017 14:00:00 ,47.52,81.5,5.32,273.7106,5.04
22-12-2017 13:30:00 ,71.26,80.79,5.43,268.5559,4.59
22-12-2017 13:00:00 ,79.04,80.51,5.4,271191,4.7
22-12-2017 12:30:00 ,77.13,79.93,5.4,271.2061,4.07
22-12-2017 12:00:00 ,77.45,79.58,5.47,269.5195,3.47
22-12-2017 11:30:00 ,155.9,80.54,5.4,271.5644,4.23
22-12-2017 11:00:00 ,122.76,82.46,5.06,271.2137,4.32
22-12-2017 10:30:00 ,138.49,83.45,4.95,265077,4.26
22-12-2017 10:00:00 ,102.72,84.55,4.69,263.1572,4.65
22-12-2017 09:30:00 ,60.67,84.89,4.62,263.1572,4.03
22-12-2017 09:00:00 ,13.76,85.11,4.58,277.7438,3.97
22-12-2017 08:30:00 ,3.35,84.58,4.59,280.2087,4.41
22-12-2017 08:00:00 ,0.07,83.72,4.66,281.6814,4.59
22-12-2017 07:30:00 ,0.06,82.85,4.79,281.4508,4.55
22-12-2017 07:00:00 ,0.06,83.97,4.67,271.6707,4.14
22-12-2017 06:30:00 ,0.06,86.71,4.61,269.6389,3.68
22-12-2017 06:00:00 ,0.07,87.63,4.77,266.4989,4.38
22-12-2017 05:30:00 ,0.07,88.12,4.85,268.0748,4.61
22-12-2017 05:00:00 ,0.07,88.67,4.74,259.5472,5.34
22-12-2017 04:30:00 ,0.09,88.61,4.35,258.3901,3.96
22-12-2017 04:00:00 ,0.06,87.73,4.11,251.3407,4.28
22-12-2017 03:30:00 ,0.06,87.04,4.22,255.8476,3.37
22-12-2017 03:00:00 ,0.06,86.31,4.36,261.5642,3.48
22-12-2017 02:30:00 ,0.06,85.64,4.47,264.4916,3.88
22-12-2017 02:00:00 ,0.06,85.23,4.6,266.2738,3.77
22-12-2017 01:30:00 ,0.06,84.68,4.9,264.5994,4.23
22-12-2017 01:00:00 ,0.06,84.97,5.05,262.7275,3.91
22-12-2017 00:30:00 ,0.06,84.45,5.13,265.3776,3.98
22-12-2017 00:00:00 ,0.06,84.35,5.43,277125,4.99
21-12-2017 23:30:00 ,0.07,88.79,5.42,260.6568,5.22
21-12-2017 23:00:00 ,0.09,90.97,5.31,254.8388,5.48
21-12-2017 22:30:00 ,0.09,89.68,5.24,257.1905,4.96
21-12-2017 22:00:00 ,0.06,88.82,5.14,257.9885,4.78
21-12-2017 21:30:00 ,0.06,87.2,5.31,252.5688,4.57
21-12-2017 21:00:00 ,0.06,86.18,5.68,261.1634,4.59
21-12-2017 20:30:00 ,0.06,86.25,5.86,267.0061,4.97
21-12-2017 20:00:00 ,0.06,86.9,6.04,271.3238,5.1
21-12-2017 19:30:00 ,0.06,87.82,6.09,267222,4.42
21-12-2017 19:00:00 ,0.07,88.43,6.26,269.7582,5.24
21-12-2017 18:30:00 ,0.1,89.02,6.22,259.9851,4.86
21-12-2017 18:00:00 ,0.1,88.82,6.27,259439,5.15
21-12-2017 17:30:00 ,0.07,88.55,6.17,263.5662,5.3
21-12-2017 17:00:00 ,0.1,88.78,5.94,265.1865,5.62
21-12-2017 16:30:00 ,0.1,89.59,5.6,259.3876,5.57
21-12-2017 16:00:00 ,0.1,90.12,5.28,258.1356,5.8
21-12-2017 15:30:00 ,1.14,90.21,5.18,254.5896,5.74
21-12-2017 15:00:00 ,9.01,89.72,5.29,257.6501,4.68
21-12-2017 14:30:00 ,24.4,89.13,5.35,259.2212,5.02
21-12-2017 14:00:00 ,41.93,88.07,5.4,260.3823,4.11
21-12-2017 13:30:00 ,59.77,86.85,5.5,265046,3.86
21-12-2017 13:00:00 ,86.14,86.36,5.42,269.2823,4.02
21-12-2017 12:30:00 ,83.68,87.3,5.16,279.2678,4.49
21-12-2017 12:00:00 ,76.14,86.72,5.35,281.9796,5
21-12-2017 11:30:00 ,159.22,86.09,5.51,284.5218,4.77
21-12-2017 11:00:00 ,154,87.49,5.02,285.2345,5.27
21-12-2017 10:30:00 ,123.64,88.5,4.54,277.1397,4.26
21-12-2017 10:00:00 ,95.51,89.58,4.19,275.6156,3.74
21-12-2017 09:30:00 ,43.84,90.07,4.07,277.0074,4.13
21-12-2017 09:00:00 ,14.06,89.69,4.13,275687,4.48
21-12-2017 08:30:00 ,3.09,88.7,4.35,284.0646,5.25
21-12-2017 08:00:00 ,0.07,88.41,4.46,286.0583,5.26
21-12-2017 07:30:00 ,0.06,88.76,4.54,285.3678,5.16
21-12-2017 07:00:00 ,0.06,88.75,4.69,286.3303,5.72
21-12-2017 06:30:00 ,0.06,89.52,4.79,283.8936,5.41
21-12-2017 06:00:00 ,0.06,90.68,4.9,280.7068,4.54
21-12-2017 05:30:00 ,0.06,90.43,5.13,284.9008,4.28
21-12-2017 05:00:00 ,0.09,89.29,5.5,289.9115,3.56
21-12-2017 04:30:00 ,0.08,88.48,5.66,302.0837,2.72
21-12-2017 04:00:00 ,0.13,88.48,5.92,296022,4.54
21-12-2017 03:30:00 ,0.2,88.3,6.26,293.8539,5.17
21-12-2017 03:00:00 ,0.23,88.48,6.52,290.2946,5.27
21-12-2017 02:30:00 ,0.27,90.36,6.74,290.1548,5.14
21-12-2017 02:00:00 ,0.31,94.25,6.98,283.9481,4.63
21-12-2017 01:30:00 ,0.26,96.24,7.03,273.3385,4.99
21-12-2017 01:00:00 ,0.22,96.89,7,269.7623,4.67
21-12-2017 00:30:00 ,0.16,96.95,6.88,270.5981,4.18
21-12-2017 00:00:00 ,0.16,96.91,6.8,256.5638,4.34
20-12-2017 23:30:00 ,0.18,96.84,6.77,249.7462,4.89
20-12-2017 23:00:00 ,0.18,96.76,6.85,252.1249,4.8
20-12-2017 22:30:00 ,0.17,96.68,6.91,252646,4.94
20-12-2017 22:00:00 ,0.19,96.61,6.89,253.0092,4.78
20-12-2017 21:30:00 ,0.2,96.53,6.83,243.0639,4.65
20-12-2017 21:00:00 ,0.19,96.5,6.66,234.8622,3.91
20-12-2017 20:30:00 ,0.15,96.47,6.35,232.7921,3.21
20-12-2017 20:00:00 ,0.14,96.47,5.97,221.6434,3.37
20-12-2017 19:30:00 ,0.13,96.39,5.62,217.8959,3.21
20-12-2017 19:00:00 ,0.13,96.28,5.54,210.6582,3.28
20-12-2017 18:30:00 ,0.12,96.18,5.55,192.6833,3.15
20-12-2017 18:00:00 ,0.13,96.21,5.65,209.2863,2.89
20-12-2017 17:30:00 ,0.13,96.21,5.51,206.0321,2.7
20-12-2017 17:00:00 ,0.13,96.17,5.41,210.2824,2.89
20-12-2017 16:30:00 ,0.13,96.09,5.31,209.8937,2.81
20-12-2017 16:00:00 ,0.14,95.96,5.2,209.3447,2.81
20-12-2017 15:30:00 ,0.86,95.79,5.12,212.7068,3.35
20-12-2017 15:00:00 ,4.69,95.52,5,212.5713,3.37
20-12-2017 14:30:00 ,11.93,95.19,4.86,206.3505,3.58
20-12-2017 14:00:00 ,20.45,94.79,4.69,189.2678,4.31
20-12-2017 13:30:00 ,23.05,94.42,4.63,186.6757,4.22
20-12-2017 13:00:00 ,26.29,94.26,4.47,186.1322,4.37
20-12-2017 12:30:00 ,38.71,93.71,4.36,186.1984,5.37
20-12-2017 12:00:00 ,29.31,93.37,4.31,186.7305,4.46
20-12-2017 11:30:00 ,30.28,93.52,4.24,186.6682,3.76
20-12-2017 11:00:00 ,51.98,93.86,4.06,183.6723,3.8
20-12-2017 10:30:00 ,29.96,94.15,3.86,184.4617,4.56
20-12-2017 10:00:00 ,21.87,94.32,3.7,185.6176,4.25
20-12-2017 09:30:00 ,21.17,94.37,3.59,180.3581,3.44
20-12-2017 09:00:00 ,9.18,94.3,3.35,183.4009,3.34
20-12-2017 08:30:00 ,3,94.41,3.25,186.8195,4.1
20-12-2017 08:00:00 ,0.53,94.19,3.29,196.9681,3.26
20-12-2017 07:30:00 ,0.1,93.78,3.29,197.7447,3.53
20-12-2017 07:00:00 ,0.09,92.79,3.25,185.9716,3.65
20-12-2017 06:30:00 ,0.09,90.69,3.06,186.1984,3.73
20-12-2017 06:00:00 ,0.11,87.13,3.07,184327,3.61
20-12-2017 05:30:00 ,0.08,84.21,3.15,190.2836,3.21
20-12-2017 05:00:00 ,0.07,83.22,3.03,183.7594,3.12
20-12-2017 04:30:00 ,0.07,82.76,2.86,177.6674,2.71
20-12-2017 04:00:00 ,0.06,81.97,2.91,185.9784,3.23
20-12-2017 03:30:00 ,0.04,81.9,2.93,186.6135,2.91
20-12-2017 03:00:00 ,0.03,81.22,3.06,191.4493,2.81
20-12-2017 02:30:00 ,0.09,80.44,3.07,192.8852,2.7
20-12-2017 02:00:00 ,0.07,80.05,3,189.8193,2.85
20-12-2017 01:30:00 ,0.06,79.63,3.15,195633,2.36
20-12-2017 01:00:00 ,0.08,79.65,3.17,187.1686,2.33
20-12-2017 00:30:00 ,0.09,79.91,3.15,188.3519,1.9
20-12-2017 00:00:00 ,0.1,80.25,3.08,170.6347,2.09
19-12-2017 23:30:00 ,0.09,81.82,3.01,158.9879,1.9
19-12-2017 23:00:00 ,0.1,82.2,2.81,166.1944,2
19-12-2017 22:30:00 ,0.09,81.79,3.11,143.9356,1.36
19-12-2017 22:00:00 ,0.09,82.11,2.92,145.4854,2.08
19-12-2017 21:30:00 ,0.1,77.16,2.74,174.0732,1.92
19-12-2017 21:00:00 ,0.07,76.85,2.74,189.6238,1.48
19-12-2017 20:30:00 ,0.06,76.79,2.74,188.4889,1.75
19-12-2017 20:00:00 ,0.09,76.47,2.83,240.0685,1.82
19-12-2017 19:30:00 ,0.09,76.46,2.93,243.8731,1.71
19-12-2017 19:00:00 ,0.09,76.6,3.09,234797,1.22
19-12-2017 18:30:00 ,0.09,76.8,3.07,256.6158,1.03
19-12-2017 18:00:00 ,0.09,76.28,3.07,37.13469,0.81
19-12-2017 17:30:00 ,0.09,77.89,2.99,49.48282,1.41
19-12-2017 17:00:00 ,0.09,79.76,2.61,26.13304,1.96
19-12-2017 16:30:00 ,0.09,80.07,2.64,30.72183,2.72
19-12-2017 16:00:00 ,0.1,79.73,2.66,30.84237,2.41
19-12-2017 15:30:00 ,1.82,78.3,2.87,340.5462,2.23
19-12-2017 15:00:00 ,9.42,77.31,3.01,343.9326,2.09
19-12-2017 14:30:00 ,12.82,79.58,3.01,331.0053,1.74
19-12-2017 14:00:00 ,20.82,79.86,2.94,345.9967,1.46
19-12-2017 13:30:00 ,25.85,79.76,2.94,7.447417,2.14
19-12-2017 13:00:00 ,19.84,81,2.95,5.499491,2.47
19-12-2017 12:30:00 ,21.1,81.29,3.15,16.11085,2.38
19-12-2017 12:00:00 ,23.94,80.71,3.41,0.7622048,1.65
19-12-2017 11:30:00 ,23.99,80.85,3.42,345.5044,1.84
19-12-2017 11:00:00 ,22.07,80.21,3.43,334.0427,2.44
19-12-2017 10:30:00 ,23.42,78.41,3.51,321.9776,3.28
19-12-2017 10:00:00 ,13.56,80.67,3.65,328.6669,2.88
19-12-2017 09:30:00 ,11.95,80.51,3.6,322.3015,2.82
19-12-2017 09:00:00 ,10.06,81.46,3.44,321527,2.43
19-12-2017 08:30:00 ,4.2,84.8,3.29,323.5759,2.51
19-12-2017 08:00:00 ,0.21,87.02,3.38,312459,1.78
19-12-2017 07:30:00 ,0.06,87.19,3.51,305.8536,1.9
19-12-2017 07:00:00 ,0.09,87.51,3.56,314.8295,1.63
19-12-2017 06:30:00 ,0.09,88.05,3.5,308.1039,1.92
19-12-2017 06:00:00 ,0.09,88.01,3.54,286.8929,2.17
19-12-2017 05:30:00 ,0.09,87.02,3.71,262.0731,2.11
19-12-2017 05:00:00 ,0.09,87.59,3.66,270.2363,2.04
19-12-2017 04:30:00 ,0.07,88.04,3.47,288.3608,2.35
19-12-2017 04:00:00 ,0.06,87.17,3.47,296.3544,2
19-12-2017 03:30:00 ,0.08,87.8,3.43,304.2511,1.97
19-12-2017 03:00:00 ,0.09,88.37,3.46,287.7903,2.19
19-12-2017 02:30:00 ,0.09,88.63,3.54,277.0953,2.24
19-12-2017 02:00:00 ,0.1,88.61,3.62,256.5281,1.89
19-12-2017 01:30:00 ,0.08,89.3,3.47,257.8967,2.05
19-12-2017 01:00:00 ,0.08,89.67,3.34,266.4162,2.54
19-12-2017 00:30:00 ,0.1,89.67,3.18,251.0401,3.32
19-12-2017 00:00:00 ,0.12,89.34,3.02,242.1211,3.69
18-12-2017 23:30:00 ,0.12,89.1,2.88,215.9493,3.21
18-12-2017 23:00:00 ,0.11,88.47,2.8,205.9799,2.85
18-12-2017 22:30:00 ,0.1,88.05,2.73,207.2585,2.66
18-12-2017 22:00:00 ,0.11,87.63,2.68,204.2502,2.6
18-12-2017 21:30:00 ,0.1,87.34,2.62,196.3139,2.62
18-12-2017 21:00:00 ,0.1,86.97,2.53,214.49,3.66
18-12-2017 20:30:00 ,0.1,86.24,2.53,209.6842,3.51
18-12-2017 20:00:00 ,0.1,85.84,2.51,209.7449,3.8
18-12-2017 19:30:00 ,0.07,86.48,2.48,207.8151,4.22
18-12-2017 19:00:00 ,0.06,84.45,2.69,201055,4.38
18-12-2017 18:30:00 ,0.06,85.32,2.61,193.0399,4.1
18-12-2017 18:00:00 ,0.06,85.04,2.58,191.5249,4.16
18-12-2017 17:30:00 ,0.06,84.79,2.54,187.0647,4.31
18-12-2017 17:00:00 ,0.04,83.9,2.54,186327,4.31
18-12-2017 16:30:00 ,0.05,83.13,2.58,183.6572,3.98
18-12-2017 16:00:00 ,0.06,82.53,2.58,189.4623,3.68
18-12-2017 15:30:00 ,0.51,82.33,2.58,190.6562,3.76
18-12-2017 15:00:00 ,7.99,81.88,2.52,189.2269,4.17
18-12-2017 14:30:00 ,17.62,81.65,2.4,192.6716,3.74
18-12-2017 14:00:00 ,36.5,81.9,2.22,185.6871,4.46
18-12-2017 13:30:00 ,26.01,82.24,2.17,188317,4.83
18-12-2017 13:00:00 ,26.78,83.15,2.15,187.4521,3.8
18-12-2017 12:30:00 ,25.37,84.96,1.87,195.3938,3.52
18-12-2017 12:00:00 ,25.99,87.33,1.62,197.0302,3.94
18-12-2017 11:30:00 ,20.54,91.09,1.05,183.7671,4.31
18-12-2017 11:00:00 ,15.82,91.28,0.89,183.2128,4.32
18-12-2017 10:30:00 ,15.37,90.45,1.08,181.3074,4.6
18-12-2017 10:00:00 ,12.87,89.82,1.31,177.9966,4.44
18-12-2017 09:30:00 ,9.52,90.41,1.24,178.4518,4.27
18-12-2017 09:00:00 ,4.18,90.14,1.15,189.4423,3.58
18-12-2017 08:30:00 ,1.18,88.66,1.25,193704,3.22
18-12-2017 08:00:00 ,0.23,87.22,1.4,191.9327,3.55
18-12-2017 07:30:00 ,0.07,86.12,1.84,190.2281,3.31
18-12-2017 07:00:00 ,0.08,84.17,2.3,185.2051,4.46
18-12-2017 06:30:00 ,0.08,83.52,2.31,177.0185,3.63
18-12-2017 06:00:00 ,0.04,83.55,2.03,168.9869,3.93
18-12-2017 05:30:00 ,0.03,82.71,1.99,169.7891,4.02
18-12-2017 05:00:00 ,0.03,81.17,1.98,168.2269,3.5
18-12-2017 04:30:00 ,0.04,80.41,2.02,166307,3.92
18-12-2017 04:00:00 ,0.03,80.97,1.85,168.4583,4.11
18-12-2017 03:30:00 ,0.03,80.93,1.78,174.8374,4.21
18-12-2017 03:00:00 ,0.03,81.02,1.62,175.4493,3.64
18-12-2017 02:30:00 ,0.03,80.6,1.65,181.2966,3.88
18-12-2017 02:00:00 ,0.03,81.2,1.52,179.8819,3.94
18-12-2017 01:30:00 ,0.03,81.73,1.43,174.2894,4.64
18-12-2017 01:00:00 ,0.03,80.84,1.39,174.6663,5.1
18-12-2017 00:30:00 ,0.03,80.57,1.38,176.1314,4.39
18-12-2017 00:00:00 ,0.03,83.66,1.19,182.3421,3.79
17-12-2017 23:30:00 ,0.03,84.6,1.16,187.7493,3.77
17-12-2017 23:00:00 ,0.03,84.18,1.14,179.7661,3.98
17-12-2017 22:30:00 ,0.03,83.13,1.12,188.5133,2.79
17-12-2017 22:00:00 ,0.03,81.67,1.2,191.5181,2.96
17-12-2017 21:30:00 ,0.05,79.77,1.11,190042,3.24
17-12-2017 21:00:00 ,0.03,78.79,0.86,189.5394,2.37
17-12-2017 20:30:00 ,0.03,77.79,0.78,194.2936,2.37
17-12-2017 20:00:00 ,0.03,76.59,0.84,197835,1.97
17-12-2017 19:30:00 ,0.03,75.28,0.97,200.0844,2.07
17-12-2017 19:00:00 ,0.03,74.32,1.12,195024,1.95
17-12-2017 18:30:00 ,0.03,73.29,1.35,205.5553,2.07
17-12-2017 18:00:00 ,0.03,73.09,1.54,218.0017,2.03
17-12-2017 17:30:00 ,0.03,73.38,1.45,226.67,2.78
17-12-2017 17:00:00 ,0.03,73.17,1.62,224.5018,2.48
17-12-2017 16:30:00 ,0.03,73.75,1.56,219639,2.45
17-12-2017 16:00:00 ,0.03,73.92,1.51,204.2976,2.02
17-12-2017 15:30:00 ,0.99,73.23,1.59,194.3493,1.83
17-12-2017 15:00:00 ,8.95,71.71,1.81,235.8441,1.55
17-12-2017 14:30:00 ,20.74,72.84,1.62,272.4503,1.43
17-12-2017 14:00:00 ,31.19,74.4,1.11,300.0252,2.21
17-12-2017 13:30:00 ,33.71,76.31,0.97,289.6944,2.54
17-12-2017 13:00:00 ,34.83,79.35,0.92,298.5231,2.58
17-12-2017 12:30:00 ,31.87,80.5,0.86,327.8507,2.1
17-12-2017 12:00:00 ,40.04,81.17,0.76,324.8358,2.4
17-12-2017 11:30:00 ,35.01,81.15,0.89,290.7722,1.7
17-12-2017 11:00:00 ,34.95,81,0.75,293.1208,1.35
17-12-2017 10:30:00 ,41.59,81.55,0.5,272.5734,1.04
17-12-2017 10:00:00 ,50.85,84.28,-0.25,285.4058,1.17
17-12-2017 09:30:00 ,25.5,84.83,-0.55,333.8228,1.58
17-12-2017 09:00:00 ,13.68,84.89,-0.56,323.1543,2.67
17-12-2017 08:30:00 ,4.78,85.08,-0.65,318.6343,2.58
17-12-2017 08:00:00 ,0.34,84.75,-0.84,309.3878,2.27
17-12-2017 07:30:00 ,0.03,82.8,-0.48,339.5603,2.22
17-12-2017 07:00:00 ,0.04,82.26,-0.42,349.3571,2.91
17-12-2017 06:30:00 ,0.06,81.87,-0.44,349.5085,2.5
17-12-2017 06:00:00 ,0.06,82.04,-0.48,349.3425,3.16
17-12-2017 05:30:00 ,0.08,82.81,-0.48,341.0856,2.79
17-12-2017 05:00:00 ,0.08,83.54,-0.55,332.4148,3.51
17-12-2017 04:30:00 ,0.08,84.58,-0.27,330.7719,4.11
17-12-2017 04:00:00 ,0.08,85.99,0.04,330.8759,3.81
17-12-2017 03:30:00 ,0.07,84.72,0.56,342.2272,3.19
17-12-2017 03:00:00 ,0.06,83.31,0.68,352.9945,2.86
17-12-2017 02:30:00 ,0.08,82.6,0.57,354.3373,3.86
17-12-2017 02:00:00 ,0.07,87.78,0.48,346.7249,3.39
17-12-2017 01:30:00 ,0.06,88.92,0.3,320.2096,3.03
17-12-2017 01:00:00 ,0.06,89.76,0.29,294.6191,2.66
17-12-2017 00:30:00 ,0.06,89.9,0.25,286.8005,2.89
17-12-2017 00:00:00 ,0.06,90.39,0.19,272.6574,2.77
16-12-2017 23:30:00 ,0.06,90.51,0.01,252.8798,3.32
16-12-2017 23:00:00 ,0.06,88.21,-0.01,252.0852,3.42
16-12-2017 22:30:00 ,0.05,84.3,0.16,245.1675,3.37
16-12-2017 22:00:00 ,0.05,80.01,0.38,258.0239,3.22
16-12-2017 21:30:00 ,0.06,76.82,0.66,252.4626,2.64
16-12-2017 21:00:00 ,0.05,75.14,0.61,271.5514,2.78
16-12-2017 20:30:00 ,0.05,72.41,0.61,255394,3.18
16-12-2017 20:00:00 ,0.03,72.1,0.58,250.4171,3.19
16-12-2017 19:30:00 ,0.03,72.93,0.4,248.5484,3.44
16-12-2017 19:00:00 ,0.03,73.32,0.42,244.2783,3.4
16-12-2017 18:30:00 ,0.03,73.08,0.6,240.7512,3.07
16-12-2017 18:00:00 ,0.03,73.36,0.71,239.6592,3.1
16-12-2017 17:30:00 ,0.03,72.46,0.89,242.7004,3.1
16-12-2017 17:00:00 ,0.03,71.35,1.1,250.8641,3.02
16-12-2017 16:30:00 ,0.03,71.08,1.28,248.1551,3.05
16-12-2017 16:00:00 ,0.03,67.68,1.76,247.9351,2.83
16-12-2017 15:30:00 ,1.24,65.44,2.19,262.5738,2.57
16-12-2017 15:00:00 ,14.97,64.49,2.41,267.2394,3.2
16-12-2017 14:30:00 ,24.11,66.49,2.31,273.9576,3.27
16-12-2017 14:00:00 ,77.33,67.53,2.47,273.5605,3.82
16-12-2017 13:30:00 ,100.42,66.52,2.56,270.2422,4.14
16-12-2017 13:00:00 ,124.38,64.63,2.61,280.1543,4.14
16-12-2017 12:30:00 ,126.84,66.09,2.55,289.9181,3.9
16-12-2017 12:00:00 ,168.76,66.75,2.86,273.2072,3.83
16-12-2017 11:30:00 ,182.23,73.95,2.5,275.5198,3.33
16-12-2017 11:00:00 ,155.68,80.71,2.15,258.7851,2.9
16-12-2017 10:30:00 ,144.9,82.83,1.75,264.1713,3.42
16-12-2017 10:00:00 ,141.46,86.92,1.4,258.2269,3.44
16-12-2017 09:30:00 ,72.11,89.61,1.12,257.5741,3.45
16-12-2017 09:00:00 ,23.54,89.12,0.94,275.6391,2.84
16-12-2017 08:30:00 ,9.07,85.13,1.32,252.3751,3.04
16-12-2017 08:00:00 ,0.2,84.62,1.64,265.5738,2.15
16-12-2017 07:30:00 ,0.03,87.27,1.53,265.0405,2.4
16-12-2017 07:00:00 ,0.03,88.01,1.65,260.0534,3.04
16-12-2017 06:30:00 ,0.03,87.86,1.78,267.7285,2.8
16-12-2017 06:00:00 ,0.05,87.64,1.82,252.1286,3.9
16-12-2017 05:30:00 ,0.06,86.77,2.08,239.0156,3.41
16-12-2017 05:00:00 ,0.06,87.94,2.17,247.3892,3.72
16-12-2017 04:30:00 ,0.07,88.59,2.34,236.7717,3.81
16-12-2017 04:00:00 ,0.06,89.04,2.48,223.0769,3.86
16-12-2017 03:30:00 ,0.05,89.61,2.46,212.5713,3.6
16-12-2017 03:00:00 ,0.06,92.02,2.12,219639,3.43
16-12-2017 02:30:00 ,0.07,92.81,1.64,231.9863,4.05
16-12-2017 02:00:00 ,0.09,92.08,1.74,219.1595,3.64
16-12-2017 01:30:00 ,0.06,92.44,1.82,202.3004,3.13
16-12-2017 01:00:00 ,0.06,92.7,1.76,198435,2.71
16-12-2017 00:30:00 ,0.08,92.85,1.69,206565,2.8
16-12-2017 00:00:00 ,0.09,93.08,1.35,215.8322,2.64
15-12-2017 23:30:00 ,0.07,91.63,1.42,224.7446,3.27
15-12-2017 23:00:00 ,0.06,90.46,1.96,234.6564,3.45
15-12-2017 22:30:00 ,0.06,89.88,2.16,233.6955,2.85
15-12-2017 22:00:00 ,0.06,89.61,2.23,236.5396,2.99
15-12-2017 21:30:00 ,0.06,89.54,2.25,229.4502,2.74
15-12-2017 21:00:00 ,0.06,89.78,2.36,225.5804,2.73
15-12-2017 20:30:00 ,0.06,90.36,2.26,243.5918,2.89
15-12-2017 20:00:00 ,0.06,89.19,2.49,246.7085,2.8
15-12-2017 19:30:00 ,0.06,88.24,2.59,239.5044,2.79
15-12-2017 19:00:00 ,0.06,87.45,2.66,238.9752,3.15
15-12-2017 18:30:00 ,0.06,85.89,2.81,239.4807,2.98
15-12-2017 18:00:00 ,0.06,85.25,2.96,239.5823,3.19
15-12-2017 17:30:00 ,0.07,84.82,3.1,221.3194,2.82
15-12-2017 17:00:00 ,0.06,84.4,3.02,223.6561,2.36
15-12-2017 16:30:00 ,0.06,84.29,2.98,240.8499,2.42
15-12-2017 16:00:00 ,0.06,85.97,2.98,245.9291,2.94
15-12-2017 15:30:00 ,0.7,85,2.98,248658,3.42
15-12-2017 15:00:00 ,12.11,83.02,3.14,249.1822,3.44
15-12-2017 14:30:00 ,33.36,81.5,3.23,249.3339,3.54
15-12-2017 14:00:00 ,52.74,82.27,3.2,245.4298,3.89
15-12-2017 13:30:00 ,37.15,82.86,3.36,258266,2.89
15-12-2017 13:00:00 ,23.56,82.47,3.4,260.7153,4.55
15-12-2017 12:30:00 ,41.5,81.29,3.69,258006,4.22
15-12-2017 12:00:00 ,44.65,78.92,3.85,254.8076,4.58
15-12-2017 11:30:00 ,60.76,78.4,3.92,243.7512,4.23
15-12-2017 11:00:00 ,53.96,79.62,3.95,232.6733,3.72
15-12-2017 10:30:00 ,38.33,81.58,3.89,233.3708,3.41
15-12-2017 10:00:00 ,23.97,85.17,3.67,234.0701,4
15-12-2017 09:30:00 ,10.25,86.52,3.56,227.7344,3.51
15-12-2017 09:00:00 ,9.23,85.9,3.52,229.3987,3.76
15-12-2017 08:30:00 ,5.61,84.97,3.48,219.9723,4.06
15-12-2017 08:00:00 ,0.14,84.32,3.43,225.6662,3.93
15-12-2017 07:30:00 ,0.09,84.02,3.29,224831,4.02
15-12-2017 07:00:00 ,0.1,84.23,3.2,229.4379,3.82
15-12-2017 06:30:00 ,0.09,84.82,3,226.1066,4.33
15-12-2017 06:00:00 ,0.06,85.09,2.84,221.3301,4.41
15-12-2017 05:30:00 ,0.04,84.82,2.83,223.5825,4.43
15-12-2017 05:00:00 ,0.09,84.74,2.93,222.8039,4.28
15-12-2017 04:30:00 ,0.08,84.17,3.12,220.1532,4.44
15-12-2017 04:00:00 ,0.09,83.79,3.26,224.0636,4.37
15-12-2017 03:30:00 ,0.09,84.27,3.27,225.7639,4.7
15-12-2017 03:00:00 ,0.07,84.81,3.16,220.4095,5.25
15-12-2017 02:30:00 ,0.06,84.95,2.98,220.6142,5.26
15-12-2017 02:00:00 ,0.06,85.58,2.83,216.1399,5.31
15-12-2017 01:30:00 ,0.06,86.17,2.7,215.0984,5.71
15-12-2017 01:00:00 ,0.06,87.25,2.51,216.6784,5.78
15-12-2017 00:30:00 ,0.05,87.81,2.38,215.7343,4.86
15-12-2017 00:00:00 ,0.06,87.55,2.43,219.4073,5.06
14-12-2017 23:30:00 ,0.06,87.83,2.4,215.1949,4.96
14-12-2017 23:00:00 ,0.06,87.78,2.4,215.3153,5.51
14-12-2017 22:30:00 ,0.06,86.98,2.46,214.5146,5.47
14-12-2017 22:00:00 ,0.06,86.94,2.48,215.8376,5.28
14-12-2017 21:30:00 ,0.06,86.76,2.51,215524,5.54
14-12-2017 21:00:00 ,0.07,86.47,2.47,216.6804,5.58
14-12-2017 20:30:00 ,0.06,86.02,2.41,215.5927,5.75
14-12-2017 20:00:00 ,0.06,84.89,2.5,212334,5.73
14-12-2017 19:30:00 ,0.06,84.16,2.67,211373,5.46
14-12-2017 19:00:00 ,0.06,83.57,2.78,219.7751,5.35
14-12-2017 18:30:00 ,0.06,84.78,2.73,221.0519,5.64
14-12-2017 18:00:00 ,0.06,84.24,2.82,216.9409,6.2
14-12-2017 17:30:00 ,0.06,83.21,2.98,220.0961,6.26
14-12-2017 17:00:00 ,0.06,82.32,3.23,221.3764,6.19
14-12-2017 16:30:00 ,0.06,81.83,3.43,218.9559,6.36
14-12-2017 16:00:00 ,0.03,81.34,3.55,218.4021,5.87
14-12-2017 15:30:00 ,2.36,80.22,3.52,217.2767,6.2
14-12-2017 15:00:00 ,19.38,77.75,4.14,228507,6.54
14-12-2017 14:30:00 ,29.97,77.37,4.41,232.3798,6.96
14-12-2017 14:00:00 ,65.22,79.3,4.29,243.1709,7.56
14-12-2017 13:30:00 ,57.7,78.39,4.21,242.1701,8.17
14-12-2017 13:00:00 ,66.42,79.72,4.08,238689,8.4
14-12-2017 12:30:00 ,103.12,83.86,3.75,236.3766,8.05
14-12-2017 12:00:00 ,73.66,84.94,3.6,238.2357,8.43
14-12-2017 11:30:00 ,31.79,87.44,3.23,234.5036,7.64
14-12-2017 11:00:00 ,29.43,89.78,2.68,231.3958,6.36
14-12-2017 10:30:00 ,21.84,90.77,1.86,220.1105,4.84
14-12-2017 10:00:00 ,17.56,90.83,1.57,223.1249,3.78
14-12-2017 09:30:00 ,11.92,91.37,1.21,198.1641,2.51
14-12-2017 09:00:00 ,4.15,90.09,1.2,215.8002,2.67
14-12-2017 08:30:00 ,1,89.63,1.73,212.8578,2.92
14-12-2017 08:00:00 ,0.07,89.75,2.03,181.5579,2.87
14-12-2017 07:30:00 ,0.06,89.64,2.06,162.8973,3.06
14-12-2017 07:00:00 ,0.06,89.84,2.06,154.0369,3.22
14-12-2017 06:30:00 ,0.06,89.53,1.96,150.3148,4.72
14-12-2017 06:00:00 ,0.06,88.71,2.25,148.6445,5.32
14-12-2017 05:30:00 ,0.06,87.16,2.89,154.8179,6.02
14-12-2017 05:00:00 ,0.07,85.05,3.38,148.9948,5.06
14-12-2017 04:30:00 ,0.08,85.17,3.36,156.0375,4.36
14-12-2017 04:00:00 ,0.07,85.59,3.31,163.2664,5.8
14-12-2017 03:30:00 ,0.08,85.78,3.46,163.7589,5.5
14-12-2017 03:00:00 ,0.07,88.81,3.26,170.2458,4.64
14-12-2017 02:30:00 ,0.06,90.72,2.94,175.2852,5.23
14-12-2017 02:00:00 ,0.06,87.38,2.82,176.3277,4.35
14-12-2017 01:30:00 ,0.06,86.41,2.62,179.5255,4.49
14-12-2017 01:00:00 ,0.06,86.1,2.58,182381,4.61
14-12-2017 00:30:00 ,0.07,84.52,2.69,178.8139,5.28
14-12-2017 00:00:00 ,0.08,83.9,2.8,180.9509,6.63
13-12-2017 23:30:00 ,0.09,84.49,2.88,176.9187,7.03
13-12-2017 23:00:00 ,0.1,84.89,2.94,175.4026,7.39
13-12-2017 22:30:00 ,0.18,84.68,2.99,177.9966,7.18
13-12-2017 22:00:00 ,0.31,85.23,3.01,175.0506,7.9
13-12-2017 21:30:00 ,0.13,85.45,2.99,173.5434,8.18
13-12-2017 21:00:00 ,0.06,87.1,2.79,173.8928,8.15
13-12-2017 20:30:00 ,0.06,88.19,2.58,172.3511,7.8
13-12-2017 20:00:00 ,0.06,88.67,2.34,174.2191,8.45
13-12-2017 19:30:00 ,0.06,88.36,2.42,173.4902,8.47
13-12-2017 19:00:00 ,0.09,88.17,2.46,174.2776,8.25
13-12-2017 18:30:00 ,0.09,87.9,2.53,169.9298,7.63
13-12-2017 18:00:00 ,0.06,87.19,2.45,169.9507,7.82
13-12-2017 17:30:00 ,0.06,85.39,2.71,169.4608,7.66
13-12-2017 17:00:00 ,0.09,86.07,2.58,170.1088,8.33
13-12-2017 16:30:00 ,0.09,84.4,2.68,172.1025,9.22
13-12-2017 16:00:00 ,0.06,81.57,2.91,172.7002,9.6
13-12-2017 15:30:00 ,0.2,77.45,3.19,173.3243,9.83
13-12-2017 15:00:00 ,1.96,77.01,3.21,172304,9.84
13-12-2017 14:30:00 ,4.76,77.11,2.97,172.8603,9.92
13-12-2017 14:00:00 ,6.58,77.04,2.83,175.9734,8.75
13-12-2017 13:30:00 ,14.53,76.8,2.79,173.5169,9.72
13-12-2017 13:00:00 ,24.51,76.65,2.83,175.8724,9.29
13-12-2017 12:30:00 ,22.69,77.23,2.89,176.5711,8.26
13-12-2017 12:00:00 ,36.35,77.29,2.72,175.4922,8.8
13-12-2017 11:30:00 ,69.53,78.39,2.63,174.5708,8.35
13-12-2017 11:00:00 ,62.02,77.76,2.69,183.3315,8.26
13-12-2017 10:30:00 ,57.03,78,2.56,180.5919,8.27
13-12-2017 10:00:00 ,42.4,78.98,2.39,182.8624,8.2
13-12-2017 09:30:00 ,38.31,78.81,2.15,184.4078,7.63
13-12-2017 09:00:00 ,25.49,78.81,1.91,184.2364,8.09
13-12-2017 08:30:00 ,9.71,79.68,1.86,186.0152,7.66
13-12-2017 08:00:00 ,3.26,78.46,2.01,188.5248,6.8
13-12-2017 07:30:00 ,0.06,77.8,2.09,192.9492,6.78
13-12-2017 07:00:00 ,0.08,78.2,2.14,195.2657,6.3
13-12-2017 06:30:00 ,0.08,79.98,2.19,200.3699,5.69
13-12-2017 06:00:00 ,0.07,78.54,2.23,214.0295,7.26
13-12-2017 05:30:00 ,0.06,80.35,2.31,207.2223,6.5
13-12-2017 05:00:00 ,0.06,79.36,2.35,214.0919,5.97
13-12-2017 04:30:00 ,0.06,81.23,2.59,210002,6.26
13-12-2017 04:00:00 ,0.06,84.3,2.59,216.7256,5.58
13-12-2017 03:30:00 ,0.05,85.79,2.49,215.9662,5.63
13-12-2017 03:00:00 ,0.03,86.12,2.48,213.7901,4.74
13-12-2017 02:30:00 ,0.06,86.22,2.44,217.3493,4.52
13-12-2017 02:00:00 ,0.06,86.5,2.34,225.7594,4.29
13-12-2017 01:30:00 ,0.06,86.33,2.38,225339,4.83
13-12-2017 01:00:00 ,0.04,85.44,2.35,215.1378,5.48
13-12-2017 00:30:00 ,0.05,84.3,2.22,207372,5.26
13-12-2017 00:00:00 ,0.04,82.23,1.86,203.9134,4.76
12/12/17 23:30,0.06,81.69,1.38,208.3817,4.41
12/12/17 23:00,0.04,81.14,1,215.5514,5.4
12/12/17 22:30,0.03,80.95,0.77,223.0021,5.33
12/12/17 22:00,0.03,81.17,0.62,220.6525,4.71
12/12/17 21:30,0.03,78.51,1.06,216.3045,4.11
12/12/17 21:00,0.04,77.08,1.27,232.3953,4.19
12/12/17 20:30,0.06,75.25,1.42,241.8997,4.21
12/12/17 20:00,0.06,73.14,1.48,256.8469,4.51
12/12/17 19:30,0.04,72.66,1.39,258.9198,4.7
12/12/17 19:00,0.04,71.63,1.47,264.4076,4.24
12/12/17 18:30,0.03,71.61,1.54,277.7438,4.75
12/12/17 18:00,0.03,83.93,1.17,286.0112,3.46
12/12/17 17:30,0.06,85.73,1.15,298.3168,4.9
12/12/17 17:00,0.05,73.82,1.87,278663,4.31
12/12/17 16:30,0.06,74.12,1.85,305.5652,5
12/12/17 16:00,0.07,76.82,1.69,295.56,5.75
12/12/17 15:30,0.65,77.2,1.76,303.8884,4.66
12/12/17 15:00,6.62,77.35,1.79,295.2451,4.23
12/12/17 14:30,19.69,78.2,1.78,304.6801,4.78
12/12/17 14:00,21.37,84.08,1.5,308211,4.52
12/12/17 13:30,16.99,82.02,1.8,298.7739,4.28
12/12/17 13:00,0,0,0,Ukendt ,0
12/12/17 12:30,0,0,0,Ukendt ,0
12/12/17 12:00,0,0,0,Ukendt ,0
12/12/17 11:30,0,0,0,Ukendt ,0
12/12/17 11:00,0,0,0,Ukendt ,0
12/12/17 10:30,0,0,0,Ukendt ,0
12/12/17 10:00,0,0,0,Ukendt ,0
12/12/17 9:30,0,0,0,Ukendt ,0
12/12/17 9:00,0,0,0,Ukendt ,0
12/12/17 8:30,0,0,0,Ukendt ,0
12/12/17 8:00,0,0,0,Ukendt ,0
12/12/17 7:30,0,0,0,Ukendt ,0
12/12/17 7:00,0,0,0,Ukendt ,0
12/12/17 6:30,0,0,0,Ukendt ,0
12/12/17 6:00,0,0,0,Ukendt ,0
12/12/17 5:30,0,0,0,Ukendt ,0
12/12/17 5:00,0,0,0,Ukendt ,0
12/12/17 4:30,0,0,0,Ukendt ,0
12/12/17 4:00,0,0,0,Ukendt ,0
12/12/17 3:30,0,0,0,Ukendt ,0
12/12/17 3:00,0,0,0,Ukendt ,0
12/12/17 2:30,0,0,0,Ukendt ,0
12/12/17 2:00,0,0,0,Ukendt ,0
12/12/17 1:30,0,0,0,Ukendt ,0
12/12/17 1:00,0,0,0,Ukendt ,0
12/12/17 0:30,0,0,0,Ukendt ,0
12/12/17 0:00,0,0,0,Ukendt ,0
11/12/17 23:30,0,0,0,Ukendt ,0
11/12/17 23:00,0,0,0,Ukendt ,0
11/12/17 22:30,0,0,0,Ukendt ,0
11/12/17 22:00,0,0,0,Ukendt ,0
11/12/17 21:30,0,0,0,Ukendt ,0
11/12/17 21:00,0,0,0,Ukendt ,0
11/12/17 20:30,0,0,0,Ukendt ,0
11/12/17 20:00,0,0,0,Ukendt ,0
11/12/17 19:30,0,0,0,Ukendt ,0
11/12/17 19:00,0,0,0,Ukendt ,0
11/12/17 18:30,0,0,0,Ukendt ,0
11/12/17 18:00,0,0,0,Ukendt ,0
11/12/17 17:30,0,0,0,Ukendt ,0
11/12/17 17:00,0,0,0,Ukendt ,0
11/12/17 16:30,0,0,0,Ukendt ,0
11/12/17 16:00,0,0,0,Ukendt ,0
11/12/17 15:30,0,0,0,Ukendt ,0
11/12/17 15:00,0,0,0,Ukendt ,0
11/12/17 14:30,0,0,0,Ukendt ,0
11/12/17 14:00,0,0,0,Ukendt ,0
11/12/17 13:30,0,0,0,Ukendt ,0
11/12/17 13:00,0,0,0,Ukendt ,0
11/12/17 12:30,0,0,0,Ukendt ,0
11/12/17 12:00,0,0,0,Ukendt ,0
11/12/17 11:30,0,0,0,Ukendt ,0
11/12/17 11:00,0,0,0,Ukendt ,0
11/12/17 10:30,0,0,0,Ukendt ,0
11/12/17 10:00,0,0,0,Ukendt ,0
11/12/17 9:30,0,0,0,Ukendt ,0
11/12/17 9:00,0,0,0,Ukendt ,0
11/12/17 8:30,0,0,0,Ukendt ,0
11/12/17 8:00,0,0,0,Ukendt ,0
11/12/17 7:30,0,0,0,Ukendt ,0
11/12/17 7:00,0,0,0,Ukendt ,0
11/12/17 6:30,0,0,0,Ukendt ,0
11/12/17 6:00,0,0,0,Ukendt ,0
11/12/17 5:30,0,0,0,Ukendt ,0
11/12/17 5:00,0,0,0,Ukendt ,0
11/12/17 4:30,0,0,0,Ukendt ,0
11/12/17 4:00,0,0,0,Ukendt ,0
11/12/17 3:30,0,0,0,Ukendt ,0
11/12/17 3:00,0,0,0,Ukendt ,0
11/12/17 2:30,0,0,0,Ukendt ,0
11/12/17 2:00,0,0,0,Ukendt ,0
11/12/17 1:30,0,0,0,Ukendt ,0
11/12/17 1:00,0,0,0,Ukendt ,0
11/12/17 0:30,0,0,0,Ukendt ,0
11/12/17 0:00,0,0,0,Ukendt ,0
10/12/17 23:30,0,0,0,Ukendt ,0
10/12/17 23:00,0,0,0,Ukendt ,0
10/12/17 22:30,0,0,0,Ukendt ,0
10/12/17 22:00,0,0,0,Ukendt ,0
10/12/17 21:30,0,0,0,Ukendt ,0
10/12/17 21:00,0,0,0,Ukendt ,0
10/12/17 20:30,0,0,0,Ukendt ,0
10/12/17 20:00,0,0,0,Ukendt ,0
10/12/17 19:30,0,0,0,Ukendt ,0
10/12/17 19:00,0,0,0,Ukendt ,0
10/12/17 18:30,0,0,0,Ukendt ,0
10/12/17 18:00,0,0,0,Ukendt ,0
10/12/17 17:30,0,0,0,Ukendt ,0
10/12/17 17:00,0,0,0,Ukendt ,0
10/12/17 16:30,0,0,0,Ukendt ,0
10/12/17 16:00,0,0,0,Ukendt ,0
10/12/17 15:30,0,0,0,Ukendt ,0
10/12/17 15:00,0,0,0,Ukendt ,0
10/12/17 14:30,0,0,0,Ukendt ,0
10/12/17 14:00,0,0,0,Ukendt ,0
10/12/17 13:30,0,0,0,Ukendt ,0
10/12/17 13:00,0,0,0,Ukendt ,0
10/12/17 12:30,0,0,0,Ukendt ,0
10/12/17 12:00,0,0,0,Ukendt ,0
10/12/17 11:30,0,0,0,Ukendt ,0
10/12/17 11:00,0,0,0,Ukendt ,0
10/12/17 10:30,0,0,0,Ukendt ,0
10/12/17 10:00,0,0,0,Ukendt ,0
10/12/17 9:30,0,0,0,Ukendt ,0
10/12/17 9:00,18.24,85.78,1.54,191.8077,4.83
10/12/17 8:30,4.93,85.91,1.52,204.8772,4.49
10/12/17 8:00,0.3,84.89,1.48,213.8231,4.58
10/12/17 7:30,0.06,83.46,1.59,202.2336,4.42
10/12/17 7:00,0.05,83.79,1.21,202.6756,3.96
10/12/17 6:30,0.03,84.11,1.02,208.4956,3.19
10/12/17 6:00,0.05,84.12,1.1,207483,3.42
10/12/17 5:30,0.06,82.98,1.17,218.6042,4.46
10/12/17 5:00,0.05,82.48,1.34,203.6154,4.27
10/12/17 4:30,0.05,83.85,1.28,215.1305,4.66
10/12/17 4:00,0.04,83.92,1.05,214.4474,4.35
10/12/17 3:30,0.04,83.46,0.91,209.7148,5.05
10/12/17 3:00,0.03,84.25,0.83,211.5997,5.13
10/12/17 2:30,0.03,84.88,0.99,204.7494,4.58
10/12/17 2:00,0.04,83.73,1.09,213.6229,4.87
10/12/17 1:30,0.05,83.98,1,215.1664,5.36
10/12/17 1:00,0.03,83.39,0.95,209834,4.14
10/12/17 0:30,0.03,82.93,0.99,212.0432,4.24
10/12/17 0:00,0.03,82.34,1.08,215.7308,5.33
9/12/17 23:30,0.03,81.95,1.12,216.2986,4.58
9/12/17 23:00,0.03,81.66,1.07,212.3881,4.99
9/12/17 22:30,0.03,80.18,1.07,214.8076,4.55
9/12/17 22:00,0.03,79.44,1.1,218.4021,5.05
9/12/17 21:30,0.03,79.05,1.24,220.3554,4.94
9/12/17 21:00,0.03,78.56,1.42,226.0936,4.8
9/12/17 20:30,0.03,77.4,1.64,223.6521,4.93
9/12/17 20:00,0.03,75.45,1.94,223.1524,5.81
9/12/17 19:30,0.03,73.18,2.19,223.9096,5.22
9/12/17 19:00,0.03,73.42,2.35,226.6028,5.07
9/12/17 18:30,0.06,72.98,2.56,225.6721,5.06
9/12/17 18:00,0.06,70.95,2.68,233106,4.91
9/12/17 17:30,0.06,67.65,2.81,241014,5.67
9/12/17 17:00,0.06,64.69,3.13,243.6456,5.66
9/12/17 16:30,0.06,65.74,3.36,244.9051,6.02
9/12/17 16:00,0.06,66.53,3.58,245.3318,6.85
9/12/17 15:30,1.45,65.05,3.96,250.5207,7.31
9/12/17 15:00,17,65.51,4.29,250.2904,7.52
9/12/17 14:30,62.83,65.71,4.6,253.1173,8.13
9/12/17 14:00,83.54,66.71,4.45,249.0656,7.12
9/12/17 13:30,67.29,68.55,4.43,251.0367,7.06
9/12/17 13:00,103.05,69.24,4.56,255.4741,8.16
9/12/17 12:30,105.75,70.83,4.51,254.6611,8.2
9/12/17 12:00,89.18,71.99,4.53,256.3695,8.31
9/12/17 11:30,123.4,73.15,4.39,246.8326,7.1
9/12/17 11:00,55.39,74.38,4.27,246.2763,7.53
9/12/17 10:30,90.45,74.42,4.33,242.5298,7.31
9/12/17 10:00,70.39,77.12,4.03,234.7537,6.39
9/12/17 9:30,62.19,78.88,3.69,236.6779,5.45
9/12/17 9:00,40.18,79.29,3.52,232.5333,5.52
9/12/17 8:30,10.15,79.8,3.58,230.7953,5.61
9/12/17 8:00,0.64,79.47,3.68,227.5336,6.26
9/12/17 7:30,0.06,80.77,3.47,226.1001,6.34
9/12/17 7:00,0.06,82.36,3.18,219.0479,6.05
9/12/17 6:30,0.06,83.19,3.03,219.3147,5.93
9/12/17 6:00,0.06,83.05,3.06,216.7991,6.42
9/12/17 5:30,0.06,83.62,3.01,222.0579,6.28
9/12/17 5:00,0.06,83.59,2.88,215.6914,7.05
9/12/17 4:30,0.06,83.86,2.71,214.8371,7.28
9/12/17 4:00,0.06,84.01,2.65,208.0297,7.11
9/12/17 3:30,0.06,82.53,2.64,213.1632,7.26
9/12/17 3:00,0.05,80.54,2.6,211.0063,6.67
9/12/17 2:30,0.09,79.36,2.53,207.2651,6.67
9/12/17 2:00,0.06,78.21,2.47,208094,6.32
9/12/17 1:30,0.06,77.93,2.53,213.1939,7.24
9/12/17 1:00,0.06,79.37,2.53,215.9662,7.05
9/12/17 0:30,0.06,80.47,2.4,215.5652,7.62
9/12/17 0:00,0.06,80.47,2.21,214.1843,6.53